Species,Target As,Game,Location,Environment,Time,Weater,Season,SOS
Bulbasaur,Bulbasaur,Scarlet,Terarium: Mass Outbreaks,SV Outbreak,N/A,N/A,N/A,N/A
Ivysaur,Bulbasaur,Scarlet,Terarium: Mass Outbreaks,SV Outbreak,N/A,N/A,N/A,N/A
Venusaur,Bulbasaur,Scarlet,Terarium: Mass Outbreaks,SV Outbreak,N/A,N/A,N/A,N/A
Charmander,Charmander,Scarlet,Terarium: Mass Outbreaks,SV Outbreak,N/A,N/A,N/A,N/A
Charmeleon,Charmander,Scarlet,Terarium: Mass Outbreaks,SV Outbreak,N/A,N/A,N/A,N/A
Charizard,Charmander,Scarlet,Terarium: Mass Outbreaks,SV Outbreak,N/A,N/A,N/A,N/A
Squirtle,Squirtle,Scarlet,Terarium: Mass Outbreaks,SV Outbreak,N/A,N/A,N/A,N/A
Wartortle,Squirtle,Scarlet,Terarium: Mass Outbreaks,SV Outbreak,N/A,N/A,N/A,N/A
Blastoise,Squirtle,Scarlet,Terarium: Mass Outbreaks,SV Outbreak,N/A,N/A,N/A,N/A
Caterpie,Caterpie,Diamond,Route 204 - South,FireRed Inserted- PokeRadar,N/A,N/A,N/A,N/A
Metapod,Metapod,Diamond,Eterna Forest,FireRed Inserted- PokeRadar,N/A,N/A,N/A,N/A
Butterfree,Metapod,Diamond,Eterna Forest,FireRed Inserted- PokeRadar,N/A,N/A,N/A,N/A
Weedle,Weedle,Diamond,Route 204 - South,LeafGreen Inserted- PokeRadar,N/A,N/A,N/A,N/A
Kakuna,Kakuna,Diamond,Eterna Forest,LeafGreen Inserted- PokeRadar,N/A,N/A,N/A,N/A
Beedrill,Kakuna,Diamond,Eterna Forest,LeafGreen Inserted- PokeRadar,N/A,N/A,N/A,N/A
Pidgey,Pidgey,Diamond,Route 229,Swarm- PokeRadar,N/A,N/A,N/A,N/A
Pidgeotto,Pidgey,Diamond,Route 229,Swarm- PokeRadar,N/A,N/A,N/A,N/A
Pidgeot,Pidgey,Diamond,Route 229,Swarm- PokeRadar,N/A,N/A,N/A,N/A
Rattata,Rattata,Diamond,Route 225,Walk- PokeRadar,N/A,N/A,N/A,N/A
Raticate,Raticate,Diamond,Route 225,Walk- PokeRadar,N/A,N/A,N/A,N/A
Spearow,Spearow,Diamond,Route 225,Walk- PokeRadar,N/A,N/A,N/A,N/A
Fearow,Fearow,Diamond,Route 225,Walk- PokeRadar,N/A,N/A,N/A,N/A
Ekans,Ekans,Scarlet,Kitakami: Mass Outbreaks,SV Outbreak,N/A,N/A,N/A,N/A
Arbok,Arbok,Scarlet,Kitakami: Mass Outbreaks,SV Outbreak,N/A,N/A,N/A,N/A
Pikachu,Pikachu,Scarlet,Paldea: Mass Outbreaks,SV Outbreak,N/A,N/A,N/A,N/A
Raichu,Raichu,Scarlet,Paldea: Mass Outbreaks,SV Outbreak,N/A,N/A,N/A,N/A
Sandshrew,Sandshrew,Scarlet,Kitakami: Mass Outbreaks,SV Outbreak,N/A,N/A,N/A,N/A
Sandslash,Sandslash,Scarlet,Kitakami: Mass Outbreaks,SV Outbreak,N/A,N/A,N/A,N/A
Nidoran♀,Nidoran♀,Diamond,Route 201,PokeRadar- PokeRadar,N/A,N/A,N/A,N/A
Nidorina,Nidorina,Diamond,Route 221,PokeRadar- PokeRadar,N/A,N/A,N/A,N/A
Nidoqueen,Nidorina,Diamond,Route 221,PokeRadar- PokeRadar,N/A,N/A,N/A,N/A
Nidoran♂,Nidoran♂,Diamond,Route 201,PokeRadar- PokeRadar,N/A,N/A,N/A,N/A
Nidorino,Nidorino,Diamond,Route 221,PokeRadar- PokeRadar,N/A,N/A,N/A,N/A
Nidoking,Nidorino,Diamond,Route 221,PokeRadar- PokeRadar,N/A,N/A,N/A,N/A
Clefairy,Clefairy,Scarlet,Kitakami: Mass Outbreaks,SV Outbreak,N/A,N/A,N/A,N/A
Clefable,Clefairy,Scarlet,Kitakami: Mass Outbreaks,SV Outbreak,N/A,N/A,N/A,N/A
Vulpix,Vulpix,Scarlet,Kitakami: Mass Outbreaks,SV Outbreak,N/A,N/A,N/A,N/A
Ninetales,Vulpix,Scarlet,Kitakami: Mass Outbreaks,SV Outbreak,N/A,N/A,N/A,N/A
Jigglypuff,Jigglypuff,Scarlet,Paldea: Mass Outbreaks,SV Outbreak,N/A,N/A,N/A,N/A
Wigglytuff,Wigglytuff,Scarlet,Paldea: Mass Outbreaks,SV Outbreak,N/A,N/A,N/A,N/A
Zubat,Zubat,Legends: Arceus,Obsidian Fieldlands: Massive Mass Outbreak,Obsidian Fieldlands: Massive Mass Outbreak,N/A,N/A,N/A,N/A
Golbat,Golbat,Legends: Arceus,Obsidian Fieldlands: Massive Mass Outbreak,Obsidian Fieldlands: Massive Mass Outbreak,N/A,N/A,N/A,N/A
Oddish,Oddish,Scarlet,Kitakami: Mass Outbreaks,SV Outbreak,N/A,N/A,N/A,N/A
Gloom,Gloom,Scarlet,Kitakami: Mass Outbreaks,SV Outbreak,N/A,N/A,N/A,N/A
Vileplume,Vileplume,Scarlet,Kitakami: Mass Outbreaks,SV Outbreak,N/A,N/A,N/A,N/A
Paras,Paras,Legends: Arceus,Obsidian Fieldlands: Massive Mass Outbreak,Obsidian Fieldlands: Massive Mass Outbreak,N/A,N/A,N/A,N/A
Parasect,Parasect,Legends: Arceus,Obsidian Fieldlands: Massive Mass Outbreak,Obsidian Fieldlands: Massive Mass Outbreak,N/A,N/A,N/A,N/A
Venonat,Venonat,Scarlet,Paldea: Mass Outbreaks,SV Outbreak,N/A,N/A,N/A,N/A
Venomoth,Venomoth,Scarlet,Paldea: Mass Outbreaks,SV Outbreak,N/A,N/A,N/A,N/A
Diglett,Diglett,Scarlet,Paldea: Mass Outbreaks,SV Outbreak,N/A,N/A,N/A,N/A
Dugtrio,Dugtrio,Scarlet,Paldea: Mass Outbreaks,SV Outbreak,N/A,N/A,N/A,N/A
Meowth,Meowth,Scarlet,Paldea: Mass Outbreaks,SV Outbreak,N/A,N/A,N/A,N/A
Persian,Persian,Scarlet,Paldea: Mass Outbreaks,SV Outbreak,N/A,N/A,N/A,N/A
Psyduck,Psyduck,Scarlet,Paldea: Mass Outbreaks,SV Outbreak,N/A,N/A,N/A,N/A
Golduck,Golduck,Scarlet,Paldea: Mass Outbreaks,SV Outbreak,N/A,N/A,N/A,N/A
Mankey,Mankey,Scarlet,Paldea: Mass Outbreaks,SV Outbreak,N/A,N/A,N/A,N/A
Primeape,Primeape,Scarlet,Paldea: Mass Outbreaks,SV Outbreak,N/A,N/A,N/A,N/A
Growlithe,Growlithe,Scarlet,Paldea: Mass Outbreaks,SV Outbreak,N/A,N/A,N/A,N/A
Arcanine,Arcanine,Scarlet,Paldea: Mass Outbreaks,SV Outbreak,N/A,N/A,N/A,N/A
Poliwag,Poliwag,Scarlet,Kitakami: Mass Outbreaks,SV Outbreak,N/A,N/A,N/A,N/A
Poliwhirl,Poliwhirl,Scarlet,Kitakami: Mass Outbreaks,SV Outbreak,N/A,N/A,N/A,N/A
Poliwrath,Poliwhirl,Scarlet,Kitakami: Mass Outbreaks,SV Outbreak,N/A,N/A,N/A,N/A
Abra,Abra,Legends: Arceus,Obsidian Fieldlands: Massive Mass Outbreak,Obsidian Fieldlands: Massive Mass Outbreak,N/A,N/A,N/A,N/A
Kadabra,Kadabra,Legends: Arceus,Obsidian Fieldlands: Massive Mass Outbreak,Obsidian Fieldlands: Massive Mass Outbreak,N/A,N/A,N/A,N/A
Alakazam,Alakazam,Legends: Arceus,Obsidian Fieldlands: Massive Mass Outbreak,Obsidian Fieldlands: Massive Mass Outbreak,N/A,N/A,N/A,N/A
Machop,Machop,Legends: Arceus,Cobalt Coastlands: Massive Mass Outbreak,Cobalt Coastlands: Massive Mass Outbreak,N/A,N/A,N/A,N/A
Machoke,Machoke,Legends: Arceus,Cobalt Coastlands: Massive Mass Outbreak,Cobalt Coastlands: Massive Mass Outbreak,N/A,N/A,N/A,N/A
Machamp,Machamp,Legends: Arceus,Cobalt Coastlands: Massive Mass Outbreak,Cobalt Coastlands: Massive Mass Outbreak,N/A,N/A,N/A,N/A
Bellsprout,Bellsprout,Scarlet,Kitakami: Mass Outbreaks,SV Outbreak,N/A,N/A,N/A,N/A
Weepinbell,Weepinbell,Scarlet,Kitakami: Mass Outbreaks,SV Outbreak,N/A,N/A,N/A,N/A
Victreebel,Weepinbell,Scarlet,Kitakami: Mass Outbreaks,SV Outbreak,N/A,N/A,N/A,N/A
Tentacool,Tentacool,Scarlet,Mass Outbreaks,SV Outbreak,N/A,N/A,N/A,N/A
Tentacruel,Tentacruel,Scarlet,Mass Outbreaks,SV Outbreak,N/A,N/A,N/A,N/A
Geodude,Geodude,Scarlet,Kitakami: Mass Outbreaks,SV Outbreak,N/A,N/A,N/A,N/A
Graveler,Graveler,Scarlet,Kitakami: Mass Outbreaks,SV Outbreak,N/A,N/A,N/A,N/A
Golem,Graveler,Scarlet,Kitakami: Mass Outbreaks,SV Outbreak,N/A,N/A,N/A,N/A
Ponyta,Ponyta,Legends: Arceus,Obsidian Fieldlands: Massive Mass Outbreak,Obsidian Fieldlands: Massive Mass Outbreak,N/A,N/A,N/A,N/A
Rapidash,Rapidash,Legends: Arceus,Obsidian Fieldlands: Massive Mass Outbreak,Obsidian Fieldlands: Massive Mass Outbreak,N/A,N/A,N/A,N/A
Slowpoke,Slowpoke,Scarlet,Paldea: Mass Outbreaks,SV Outbreak,N/A,N/A,N/A,N/A
Slowbro,Slowbro,Scarlet,Paldea: Mass Outbreaks,SV Outbreak,N/A,N/A,N/A,N/A
Magnemite,Magnemite,Scarlet,Paldea: Mass Outbreaks,SV Outbreak,N/A,N/A,N/A,N/A
Magneton,Magneton,Scarlet,Paldea: Mass Outbreaks,SV Outbreak,N/A,N/A,N/A,N/A
Farfetch'd,Farfetch'd,Diamond,Route 221,Swarm- PokeRadar,N/A,N/A,N/A,N/A
Doduo,Doduo,Scarlet,Mass Outbreaks,SV Outbreak,N/A,N/A,N/A,N/A
Dodrio,Dodrio,Scarlet,Mass Outbreaks,SV Outbreak,N/A,N/A,N/A,N/A
Seel,Seel,Scarlet,Mass Outbreaks,SV Outbreak,N/A,N/A,N/A,N/A
Dewgong,Dewgong,Scarlet,Mass Outbreaks,SV Outbreak,N/A,N/A,N/A,N/A
Grimer,Grimer,Scarlet,Paldea: Mass Outbreaks,SV Outbreak,N/A,N/A,N/A,N/A
Muk,Muk,Scarlet,Paldea: Mass Outbreaks,SV Outbreak,N/A,N/A,N/A,N/A
Shellder,Shellder,Scarlet,Paldea: Mass Outbreaks,SV Outbreak,N/A,N/A,N/A,N/A
Cloyster,Cloyster,Scarlet,Paldea: Mass Outbreaks,SV Outbreak,N/A,N/A,N/A,N/A
Gastly,Gastly,Scarlet,Paldea: Mass Outbreaks,SV Outbreak,N/A,N/A,N/A,N/A
Haunter,Haunter,Scarlet,Paldea: Mass Outbreaks,SV Outbreak,N/A,N/A,N/A,N/A
Gengar,Gengar,Scarlet,Mass Outbreaks,SV Outbreak,N/A,N/A,N/A,N/A
Onix,Onix,Legends: Arceus,Crimson Mirelands: Massive Mass Outbreak,Crimson Mirelands: Massive Mass Outbreak,N/A,N/A,N/A,N/A
Drowzee,Drowzee,Scarlet,Paldea: Mass Outbreaks,SV Outbreak,N/A,N/A,N/A,N/A
Hypno,Hypno,Scarlet,Paldea: Mass Outbreaks,SV Outbreak,N/A,N/A,N/A,N/A
Krabby,Krabby,Diamond,Route 226,Swarm- PokeRadar,N/A,N/A,N/A,N/A
Kingler,Krabby,Diamond,Route 226,Swarm- PokeRadar,N/A,N/A,N/A,N/A
Voltorb,Voltorb,Scarlet,Paldea: Mass Outbreaks,SV Outbreak,N/A,N/A,N/A,N/A
Electrode,Electrode,Scarlet,Paldea: Mass Outbreaks,SV Outbreak,N/A,N/A,N/A,N/A
Exeggcute,Exeggcute,Scarlet,Mass Outbreaks,SV Outbreak,N/A,N/A,N/A,N/A
Exeggutor,Exeggutor,Scarlet,Terarium: Mass Outbreaks,SV Outbreak,N/A,N/A,N/A,N/A
Cubone,Cubone,Diamond,Route 203,Swarm- PokeRadar,N/A,N/A,N/A,N/A
Marowak,Cubone,Diamond,Route 203,Swarm- PokeRadar,N/A,N/A,N/A,N/A
Hitmonlee,Hitmonlee,Scarlet,Terarium: Mass Outbreaks,SV Outbreak,N/A,N/A,N/A,N/A
Hitmonchan,Hitmonchan,Scarlet,Terarium: Mass Outbreaks,SV Outbreak,N/A,N/A,N/A,N/A
Lickitung,Lickitung,Legends: Arceus,Crimson Mirelands: Massive Mass Outbreak,Crimson Mirelands: Massive Mass Outbreak,N/A,N/A,N/A,N/A
Koffing,Koffing,Scarlet,Kitakami: Mass Outbreaks,SV Outbreak,N/A,N/A,N/A,N/A
Weezing,Koffing,Scarlet,Kitakami: Mass Outbreaks,SV Outbreak,N/A,N/A,N/A,N/A
Rhyhorn,Rhyhorn,Scarlet,Terarium: Mass Outbreaks,SV Outbreak,N/A,N/A,N/A,N/A
Rhydon,Rhydon,Scarlet,Terarium: Mass Outbreaks,SV Outbreak,N/A,N/A,N/A,N/A
Chansey,Chansey,Scarlet,Paldea: Mass Outbreaks,SV Outbreak,N/A,N/A,N/A,N/A
Tangela,Tangela,Legends: Arceus,Crimson Mirelands: Massive Mass Outbreak,Crimson Mirelands: Massive Mass Outbreak,N/A,N/A,N/A,N/A
Kangaskhan,Kangaskhan,Any,Day Care Center,Masuda Method,N/A,N/A,N/A,N/A
Horsea,Horsea,Scarlet,Terarium: Mass Outbreaks,SV Outbreak,N/A,N/A,N/A,N/A
Seadra,Seadra,Scarlet,Terarium: Mass Outbreaks,SV Outbreak,N/A,N/A,N/A,N/A
Goldeen,Goldeen,Omega Ruby,Route 102,Good Rod,N/A,N/A,N/A,N/A
Seaking,Seaking,Omega Ruby,Safari Zone - North East,Super Rod,N/A,N/A,N/A,N/A
Staryu,Staryu,Ultra Sun,Route 7,Fish,All Day,N/A,N/A,Initial
Starmie,Staryu,Ultra Sun,Route 7,Fish,All Day,N/A,N/A,Initial
Mr. Mime,Mr. Mime,Legends: Arceus,Obsidian Fieldlands: Massive Mass Outbreak,Obsidian Fieldlands: Massive Mass Outbreak,N/A,N/A,N/A,N/A
Scyther,Scyther,Scarlet,Paldea: Mass Outbreaks,SV Outbreak,N/A,N/A,N/A,N/A
Jynx,Smoochum,Diamond,Lake Acuity,Swarm- PokeRadar,N/A,N/A,N/A,N/A
Electabuzz,Electabuzz,Scarlet,Terarium: Mass Outbreaks,SV Outbreak,N/A,N/A,N/A,N/A
Magmar,Magmar,Scarlet,Terarium: Mass Outbreaks,SV Outbreak,N/A,N/A,N/A,N/A
Pinsir,Pinsir,Pearl,Route 229,Walk- PokeRadar,N/A,N/A,N/A,N/A
Tauros,Tauros,Scarlet,Paldea: Mass Outbreaks,SV Outbreak,N/A,N/A,N/A,N/A
Magikarp,Magikarp,Scarlet,Paldea: Mass Outbreaks,SV Outbreak,N/A,N/A,N/A,N/A
Gyarados,Gyarados,Scarlet,Paldea: Mass Outbreaks,SV Outbreak,N/A,N/A,N/A,N/A
Lapras,Lapras,Scarlet,Terarium: Mass Outbreaks,SV Outbreak,N/A,N/A,N/A,N/A
Ditto,Ditto,Scarlet,Paldea: Mass Outbreaks,SV Outbreak,N/A,N/A,N/A,N/A
Eevee,Eevee,Scarlet,Paldea: Mass Outbreaks,SV Outbreak,N/A,N/A,N/A,N/A
Vaporeon,Vaporeon,Scarlet,Paldea: Mass Outbreaks,SV Outbreak,N/A,N/A,N/A,N/A
Jolteon,Jolteon,Scarlet,Paldea: Mass Outbreaks,SV Outbreak,N/A,N/A,N/A,N/A
Flareon,Flareon,Scarlet,Paldea: Mass Outbreaks,SV Outbreak,N/A,N/A,N/A,N/A
Porygon,Porygon,Scarlet,Terarium: Mass Outbreaks,SV Outbreak,N/A,N/A,N/A,N/A
Omanyte,Omanyte,Any,Day Care Center,Masuda Method,N/A,N/A,N/A,N/A
Omastar,Omastar,Any,Day Care Center,Masuda Method,N/A,N/A,N/A,N/A
Kabuto,Kabuto,Any,Day Care Center,Masuda Method,N/A,N/A,N/A,N/A
Kabutops,Kabutops,Any,Day Care Center,Masuda Method,N/A,N/A,N/A,N/A
Aerodactyl,Aerodactyl,Any,Day Care Center,Masuda Method,N/A,N/A,N/A,N/A
Snorlax,Munchlax,Scarlet,Kitakami: Mass Outbreaks,SV Outbreak,N/A,N/A,N/A,N/A
Articuno,Articuno,Ultra Sun,Ultra Space Wilds - Cliff,Interact,All Day,N/A,N/A,N/A
Zapdos,Zapdos,Ultra Sun,Ultra Space Wilds - Cliff,Interact,All Day,N/A,N/A,N/A
Moltres,Moltres,Ultra Sun,Ultra Space Wilds - Cliff,Interact,All Day,N/A,N/A,N/A
Dratini,Dratini,Scarlet,Paldea: Mass Outbreaks,SV Outbreak,N/A,N/A,N/A,N/A
Dragonair,Dragonair,Scarlet,Paldea: Mass Outbreaks,SV Outbreak,N/A,N/A,N/A,N/A
Dragonite,Dragonair,Scarlet,Mass Outbreaks,SV Outbreak,N/A,N/A,N/A,N/A
Mewtwo,Mewtwo,Ultra Sun,Ultra Space Wilds - Forest,Interact,All Day,N/A,N/A,N/A
Mew,Mew,Emerald,Faraway Island - Forest,Interact,N/A,N/A,N/A,N/A
Chikorita,Chikorita,Scarlet,Terarium: Mass Outbreaks,SV Outbreak,N/A,N/A,N/A,N/A
Bayleef,Chikorita,Scarlet,Terarium: Mass Outbreaks,SV Outbreak,N/A,N/A,N/A,N/A
Meganium,Chikorita,Scarlet,Terarium: Mass Outbreaks,SV Outbreak,N/A,N/A,N/A,N/A
Cyndaquil,Cyndaquil,Scarlet,Terarium: Mass Outbreaks,SV Outbreak,N/A,N/A,N/A,N/A
Quilava,Cyndaquil,Scarlet,Terarium: Mass Outbreaks,SV Outbreak,N/A,N/A,N/A,N/A
Typhlosion,Cyndaquil,Scarlet,Terarium: Mass Outbreaks,SV Outbreak,N/A,N/A,N/A,N/A
Totodile,Totodile,Scarlet,Terarium: Mass Outbreaks,SV Outbreak,N/A,N/A,N/A,N/A
Croconaw,Totodile,Scarlet,Terarium: Mass Outbreaks,SV Outbreak,N/A,N/A,N/A,N/A
Feraligatr,Totodile,Scarlet,Terarium: Mass Outbreaks,SV Outbreak,N/A,N/A,N/A,N/A
Sentret,Sentret,Scarlet,Kitakami: Mass Outbreaks,SV Outbreak,N/A,N/A,N/A,N/A
Furret,Furret,Scarlet,Kitakami: Mass Outbreaks,SV Outbreak,N/A,N/A,N/A,N/A
Hoothoot,Hoothoot,Scarlet,Kitakami: Mass Outbreaks,SV Outbreak,N/A,N/A,N/A,N/A
Noctowl,Noctowl,Scarlet,Kitakami: Mass Outbreaks,SV Outbreak,N/A,N/A,N/A,N/A
Ledyba,Ledyba,X,Route 4,Red Flowers - PokeRadar,N/A,N/A,N/A,N/A
Ledian,Ledian,Diamond,Route 229,Walk- PokeRadar,Morning,N/A,N/A,N/A
Spinarak,Spinarak,Scarlet,Kitakami: Mass Outbreaks,SV Outbreak,N/A,N/A,N/A,N/A
Ariados,Ariados,Scarlet,Kitakami: Mass Outbreaks,SV Outbreak,N/A,N/A,N/A,N/A
Crobat,Crobat,Legends: Arceus,Obsidian Fieldlands: Massive Mass Outbreak,Obsidian Fieldlands: Massive Mass Outbreak,N/A,N/A,N/A,N/A
Chinchou,Chinchou,Scarlet,Terarium: Mass Outbreaks,SV Outbreak,N/A,N/A,N/A,N/A
Lanturn,Lanturn,Scarlet,Terarium: Mass Outbreaks,SV Outbreak,N/A,N/A,N/A,N/A
Pichu,Pichu,Scarlet,Paldea: Mass Outbreaks,SV Outbreak,N/A,N/A,N/A,N/A
Cleffa,Cleffa,Scarlet,Mass Outbreaks,SV Outbreak,N/A,N/A,N/A,N/A
Igglybuff,Igglybuff,Scarlet,Paldea: Mass Outbreaks,SV Outbreak,N/A,N/A,N/A,N/A
Togepi,Togepi,Legends: Arceus,Cobalt Coastlands: Massive Mass Outbreak,Cobalt Coastlands: Massive Mass Outbreak,N/A,N/A,N/A,N/A
Togetic,Togetic,Legends: Arceus,Cobalt Coastlands: Massive Mass Outbreak,Cobalt Coastlands: Massive Mass Outbreak,N/A,N/A,N/A,N/A
Natu,Natu,Diamond,Route 224,Swarm- PokeRadar,N/A,N/A,N/A,N/A
Xatu,Natu,Diamond,Route 224,Swarm- PokeRadar,N/A,N/A,N/A,N/A
Mareep,Mareep,Scarlet,Paldea: Mass Outbreaks,SV Outbreak,N/A,N/A,N/A,N/A
Flaaffy,Flaaffy,Scarlet,Paldea: Mass Outbreaks,SV Outbreak,N/A,N/A,N/A,N/A
Ampharos,Ampharos,Scarlet,Paldea: Mass Outbreaks,SV Outbreak,N/A,N/A,N/A,N/A
Bellossom,Bellossom,Scarlet,Kitakami: Mass Outbreaks,SV Outbreak,N/A,N/A,N/A,N/A
Marill,Marill,Scarlet,Paldea: Mass Outbreaks,SV Outbreak,N/A,N/A,N/A,N/A
Azumarill,Azumarill,Scarlet,Paldea: Mass Outbreaks,SV Outbreak,N/A,N/A,N/A,N/A
Sudowoodo,Sudowoodo,Scarlet,Paldea: Mass Outbreaks,SV Outbreak,N/A,N/A,N/A,N/A
Politoed,Poliwhirl,Scarlet,Kitakami: Mass Outbreaks,SV Outbreak,N/A,N/A,N/A,N/A
Hoppip,Hoppip,Scarlet,Paldea: Mass Outbreaks,SV Outbreak,N/A,N/A,N/A,N/A
Skiploom,Skiploom,Scarlet,Paldea: Mass Outbreaks,SV Outbreak,N/A,N/A,N/A,N/A
Jumpluff,Jumpluff,Scarlet,Paldea: Mass Outbreaks,SV Outbreak,N/A,N/A,N/A,N/A
Aipom,Aipom,Scarlet,Kitakami: Mass Outbreaks,SV Outbreak,N/A,N/A,N/A,N/A
Sunkern,Sunkern,Diamond,Route 204 - North,PokeRadar- PokeRadar,N/A,N/A,N/A,N/A
Sunflora,Sunflora,Scarlet,Paldea: Mass Outbreaks,SV Outbreak,N/A,N/A,N/A,N/A
Yanma,Yanma,Scarlet,Kitakami: Mass Outbreaks,SV Outbreak,N/A,N/A,N/A,N/A
Wooper,Wooper,Scarlet,Paldea: Mass Outbreaks,SV Outbreak,N/A,N/A,N/A,N/A
Quagsire,Quagsire,Scarlet,Mass Outbreaks,SV Outbreak,N/A,N/A,N/A,N/A
Espeon,Espeon,Scarlet,Paldea: Mass Outbreaks,SV Outbreak,N/A,N/A,N/A,N/A
Umbreon,Umbreon,Scarlet,Paldea: Mass Outbreaks,SV Outbreak,N/A,N/A,N/A,N/A
Murkrow,Murkrow,Scarlet,Paldea: Mass Outbreaks,SV Outbreak,N/A,N/A,N/A,N/A
Slowking,Slowpoke,Scarlet,Mass Outbreaks,SV Outbreak,N/A,N/A,N/A,N/A
Misdreavus,Misdreavus,Scarlet,Paldea: Mass Outbreaks,SV Outbreak,N/A,N/A,N/A,N/A
Unown,Unown,Legends: Arceus,Crimson Mirelands: Massive Mass Outbreak,Crimson Mirelands: Massive Mass Outbreak,N/A,N/A,N/A,N/A
Wobbuffet,Wobbuffet,Diamond,Lake Verity - After Galactic,PokeRadar- PokeRadar,N/A,N/A,N/A,N/A
Girafarig,Girafarig,Scarlet,Paldea: Mass Outbreaks,SV Outbreak,N/A,N/A,N/A,N/A
Pineco,Pineco,Scarlet,Paldea: Mass Outbreaks,SV Outbreak,N/A,N/A,N/A,N/A
Forretress,Forretress,Scarlet,Paldea: Mass Outbreaks,SV Outbreak,N/A,N/A,N/A,N/A
Dunsparce,Dunsparce,Scarlet,Paldea: Mass Outbreaks,SV Outbreak,N/A,N/A,N/A,N/A
Gligar,Gligar,Scarlet,Kitakami: Mass Outbreaks,SV Outbreak,N/A,N/A,N/A,N/A
Steelix,Steelix,Legends: Arceus,Crimson Mirelands: Massive Mass Outbreak,Crimson Mirelands: Massive Mass Outbreak,N/A,N/A,N/A,N/A
Snubbull,Snubbull,Scarlet,Terarium: Mass Outbreaks,SV Outbreak,N/A,N/A,N/A,N/A
Granbull,Granbull,Scarlet,Terarium: Mass Outbreaks,SV Outbreak,N/A,N/A,N/A,N/A
Qwilfish,Qwilfish,Scarlet,Paldea: Mass Outbreaks,SV Outbreak,N/A,N/A,N/A,N/A
Scizor,Scizor,Scarlet,Terarium: Mass Outbreaks,SV Outbreak,N/A,N/A,N/A,N/A
Shuckle,Shuckle,Diamond,Route 224,Emerald Inserted- PokeRadar,N/A,N/A,N/A,N/A
Heracross,Heracross,Scarlet,Paldea: Mass Outbreaks,SV Outbreak,N/A,N/A,N/A,N/A
Sneasel,Sneasel,Scarlet,Paldea: Mass Outbreaks,SV Outbreak,N/A,N/A,N/A,N/A
Teddiursa,Teddiursa,Scarlet,Paldea: Mass Outbreaks,SV Outbreak,N/A,N/A,N/A,N/A
Ursaring,Ursaring,Scarlet,Paldea: Mass Outbreaks,SV Outbreak,N/A,N/A,N/A,N/A
Slugma,Slugma,Scarlet,Mass Outbreaks,SV Outbreak,N/A,N/A,N/A,N/A
Magcargo,Slugma,Scarlet,Mass Outbreaks,SV Outbreak,N/A,N/A,N/A,N/A
Swinub,Swinub,Scarlet,Kitakami: Mass Outbreaks,SV Outbreak,N/A,N/A,N/A,N/A
Piloswine,Piloswine,Scarlet,Kitakami: Mass Outbreaks,SV Outbreak,N/A,N/A,N/A,N/A
Corsola,Corsola,Diamond,Route 230,Swarm- PokeRadar,N/A,N/A,N/A,N/A
Remoraid,Remoraid,Omega Ruby,Battle Resort - Island,Super Rod,N/A,N/A,N/A,N/A
Octillery,Remoraid,Omega Ruby,Battle Resort - Island,Super Rod,N/A,N/A,N/A,N/A
Delibird,Delibird,Scarlet,Paldea: Mass Outbreaks,SV Outbreak,N/A,N/A,N/A,N/A
Mantine,Mantine,Legends: Arceus,Cobalt Coastlands: Massive Mass Outbreak,Cobalt Coastlands: Massive Mass Outbreak,N/A,N/A,N/A,N/A
Skarmory,Skarmory,Scarlet,Terarium: Mass Outbreaks,SV Outbreak,N/A,N/A,N/A,N/A
Houndour,Houndour,Scarlet,Paldea: Mass Outbreaks,SV Outbreak,N/A,N/A,N/A,N/A
Houndoom,Houndoom,Scarlet,Paldea: Mass Outbreaks,SV Outbreak,N/A,N/A,N/A,N/A
Kingdra,Seadra,Scarlet,Terarium: Mass Outbreaks,SV Outbreak,N/A,N/A,N/A,N/A
Phanpy,Phanpy,Scarlet,Paldea: Mass Outbreaks,SV Outbreak,N/A,N/A,N/A,N/A
Donphan,Donphan,Scarlet,Paldea: Mass Outbreaks,SV Outbreak,N/A,N/A,N/A,N/A
Porygon2,Porygon,Scarlet,Terarium: Mass Outbreaks,SV Outbreak,N/A,N/A,N/A,N/A
Stantler,Stantler,Scarlet,Paldea: Mass Outbreaks,SV Outbreak,N/A,N/A,N/A,N/A
Smeargle,Smeargle,Scarlet,Terarium: Mass Outbreaks,SV Outbreak,N/A,N/A,N/A,N/A
Tyrogue,Tyrogue,Scarlet,Terarium: Mass Outbreaks,SV Outbreak,N/A,N/A,N/A,N/A
Hitmontop,Hitmontop,Scarlet,Terarium: Mass Outbreaks,SV Outbreak,N/A,N/A,N/A,N/A
Smoochum,Smoochum,Diamond,Lake Acuity,Swarm- PokeRadar,N/A,N/A,N/A,N/A
Elekid,Elekid,Scarlet,Terarium: Mass Outbreaks,SV Outbreak,N/A,N/A,N/A,N/A
Magby,Magby,Scarlet,Terarium: Mass Outbreaks,SV Outbreak,N/A,N/A,N/A,N/A
Miltank,Miltank,Diamond,Route 209,PokeRadar- PokeRadar,N/A,N/A,N/A,N/A
Blissey,Blissey,Scarlet,Paldea: Mass Outbreaks,SV Outbreak,N/A,N/A,N/A,N/A
Raikou,Raikou,Ultra Sun,Ultra Space Wilds - Forest,Interact,All Day,N/A,N/A,N/A
Entei,Entei,Ultra Moon,Ultra Space Wilds - Forest,Interact,All Day,N/A,N/A,N/A
Suicune,Suicune,Ultra Sun,Ultra Space Wilds - Water,Requires Entei & Raikou,All Day,N/A,N/A,N/A
Larvitar,Larvitar,Scarlet,Paldea: Mass Outbreaks,SV Outbreak,N/A,N/A,N/A,N/A
Pupitar,Pupitar,Scarlet,Paldea: Mass Outbreaks,SV Outbreak,N/A,N/A,N/A,N/A
Tyranitar,Pupitar,Scarlet,Mass Outbreaks,SV Outbreak,N/A,N/A,N/A,N/A
Lugia,Lugia,Ultra Moon,Ultra Space Wilds - Water,Interact,All Day,N/A,N/A,N/A
Ho-Oh,Ho-Oh,Ultra Sun,Ultra Space Wilds - Cliff,Interact,All Day,N/A,N/A,N/A
Celebi,Celebi,Pokémon Crystal,Ilex Forest,Interact,All,N/A,N/A,N/A
Treecko,Treecko,Scarlet,Terarium: Mass Outbreaks,SV Outbreak,N/A,N/A,N/A,N/A
Grovyle,Treecko,Scarlet,Terarium: Mass Outbreaks,SV Outbreak,N/A,N/A,N/A,N/A
Sceptile,Treecko,Scarlet,Terarium: Mass Outbreaks,SV Outbreak,N/A,N/A,N/A,N/A
Torchic,Torchic,Scarlet,Terarium: Mass Outbreaks,SV Outbreak,N/A,N/A,N/A,N/A
Combusken,Torchic,Scarlet,Terarium: Mass Outbreaks,SV Outbreak,N/A,N/A,N/A,N/A
Blaziken,Torchic,Scarlet,Terarium: Mass Outbreaks,SV Outbreak,N/A,N/A,N/A,N/A
Mudkip,Mudkip,Scarlet,Terarium: Mass Outbreaks,SV Outbreak,N/A,N/A,N/A,N/A
Marshtomp,Mudkip,Scarlet,Terarium: Mass Outbreaks,SV Outbreak,N/A,N/A,N/A,N/A
Swampert,Mudkip,Scarlet,Terarium: Mass Outbreaks,SV Outbreak,N/A,N/A,N/A,N/A
Poochyena,Poochyena,Scarlet,Kitakami: Mass Outbreaks,SV Outbreak,N/A,N/A,N/A,N/A
Mightyena,Mightyena,Scarlet,Kitakami: Mass Outbreaks,SV Outbreak,N/A,N/A,N/A,N/A
Zigzagoon,Zigzagoon,Diamond,Route 202,Swarm- PokeRadar,N/A,N/A,N/A,N/A
Linoone,Zigzagoon,Diamond,Route 202,Swarm- PokeRadar,N/A,N/A,N/A,N/A
Wurmple,Wurmple,Legends: Arceus,Obsidian Fieldlands: Massive Mass Outbreak,Obsidian Fieldlands: Massive Mass Outbreak,N/A,N/A,N/A,N/A
Silcoon,Silcoon,Legends: Arceus,Obsidian Fieldlands: Massive Mass Outbreak,Obsidian Fieldlands: Massive Mass Outbreak,N/A,N/A,N/A,N/A
Beautifly,Beautifly,Legends: Arceus,Obsidian Fieldlands: Massive Mass Outbreak,Obsidian Fieldlands: Massive Mass Outbreak,N/A,N/A,N/A,N/A
Cascoon,Cascoon,Legends: Arceus,Obsidian Fieldlands: Massive Mass Outbreak,Obsidian Fieldlands: Massive Mass Outbreak,N/A,N/A,N/A,N/A
Dustox,Dustox,Legends: Arceus,Obsidian Fieldlands: Massive Mass Outbreak,Obsidian Fieldlands: Massive Mass Outbreak,N/A,N/A,N/A,N/A
Lotad,Lotad,Scarlet,Kitakami: Mass Outbreaks,SV Outbreak,N/A,N/A,N/A,N/A
Lombre,Lombre,Scarlet,Kitakami: Mass Outbreaks,SV Outbreak,N/A,N/A,N/A,N/A
Ludicolo,Lombre,Scarlet,Kitakami: Mass Outbreaks,SV Outbreak,N/A,N/A,N/A,N/A
Seedot,Seedot,Scarlet,Kitakami: Mass Outbreaks,SV Outbreak,N/A,N/A,N/A,N/A
Nuzleaf,Nuzleaf,Scarlet,Kitakami: Mass Outbreaks,SV Outbreak,N/A,N/A,N/A,N/A
Shiftry,Nuzleaf,Scarlet,Kitakami: Mass Outbreaks,SV Outbreak,N/A,N/A,N/A,N/A
Taillow,Taillow,Any,Day Care Center,Masuda Method,N/A,N/A,N/A,N/A
Swellow,Swellow,Diamond,Route 213,PokeRadar- PokeRadar,N/A,N/A,N/A,N/A
Wingull,Wingull,Scarlet,Paldea: Mass Outbreaks,SV Outbreak,N/A,N/A,N/A,N/A
Pelipper,Pelipper,Scarlet,Paldea: Mass Outbreaks,SV Outbreak,N/A,N/A,N/A,N/A
Ralts,Ralts,Scarlet,Paldea: Mass Outbreaks,SV Outbreak,N/A,N/A,N/A,N/A
Kirlia,Kirlia,Scarlet,Paldea: Mass Outbreaks,SV Outbreak,N/A,N/A,N/A,N/A
Gardevoir,Gardevoir,Scarlet,Paldea: Mass Outbreaks,SV Outbreak,N/A,N/A,N/A,N/A
Surskit,Surskit,Scarlet,Paldea: Mass Outbreaks,SV Outbreak,N/A,N/A,N/A,N/A
Masquerain,Masquerain,Scarlet,Paldea: Mass Outbreaks,SV Outbreak,N/A,N/A,N/A,N/A
Shroomish,Shroomish,Scarlet,Paldea: Mass Outbreaks,SV Outbreak,N/A,N/A,N/A,N/A
Breloom,Breloom,Scarlet,Paldea: Mass Outbreaks,SV Outbreak,N/A,N/A,N/A,N/A
Slakoth,Slakoth,Scarlet,Paldea: Mass Outbreaks,SV Outbreak,N/A,N/A,N/A,N/A
Vigoroth,Vigoroth,Scarlet,Paldea: Mass Outbreaks,SV Outbreak,N/A,N/A,N/A,N/A
Slaking,Slaking,Scarlet,Paldea: Mass Outbreaks,SV Outbreak,N/A,N/A,N/A,N/A
Nincada,Nincada,Diamond,Eterna Forest,PokeRadar- PokeRadar,N/A,N/A,N/A,N/A
Ninjask,Nincada,Diamond,Eterna Forest,PokeRadar- PokeRadar,N/A,N/A,N/A,N/A
Shedinja,Nincada,Diamond,Eterna Forest,PokeRadar- PokeRadar,N/A,N/A,N/A,N/A
Whismur,Whismur,Omega Ruby,Rusturf Tunnel,Horde,N/A,N/A,N/A,N/A
Loudred,Loudred,Diamond,Mt. Coronet - Top,PokeRadar- PokeRadar,N/A,N/A,N/A,N/A
Exploud,Loudred,Diamond,Mt. Coronet - Top,PokeRadar- PokeRadar,N/A,N/A,N/A,N/A
Makuhita,Makuhita,Scarlet,Paldea: Mass Outbreaks,SV Outbreak,N/A,N/A,N/A,N/A
Hariyama,Hariyama,Scarlet,Paldea: Mass Outbreaks,SV Outbreak,N/A,N/A,N/A,N/A
Azurill,Azurill,Scarlet,Paldea: Mass Outbreaks,SV Outbreak,N/A,N/A,N/A,N/A
Nosepass,Nosepass,Scarlet,Mass Outbreaks,SV Outbreak,N/A,N/A,N/A,N/A
Skitty,Skitty,Diamond,Route 222,Swarm- PokeRadar,N/A,N/A,N/A,N/A
Delcatty,Skitty,Diamond,Route 222,Swarm- PokeRadar,N/A,N/A,N/A,N/A
Sableye,Sableye,Scarlet,Paldea: Mass Outbreaks,SV Outbreak,N/A,N/A,N/A,N/A
Mawile,Mawile,Diamond,Iron Island - B1F Left Cave,Ruby Inserted- PokeRadar,N/A,N/A,N/A,N/A
Aron,Aron,Diamond,Fuego Ironworks,PokeRadar- PokeRadar,N/A,N/A,N/A,N/A
Lairon,Lairon,X,Route 18,Walking / Grass - PokeRadar,N/A,N/A,N/A,N/A
Aggron,Lairon,X,Route 18,Walking / Grass - PokeRadar,N/A,N/A,N/A,N/A
Meditite,Meditite,Scarlet,Paldea: Mass Outbreaks,SV Outbreak,N/A,N/A,N/A,N/A
Medicham,Medicham,Scarlet,Paldea: Mass Outbreaks,SV Outbreak,N/A,N/A,N/A,N/A
Electrike,Electrike,Diamond,Valley Windworks,Swarm- PokeRadar,N/A,N/A,N/A,N/A
Manectric,Electrike,Diamond,Valley Windworks,Swarm- PokeRadar,N/A,N/A,N/A,N/A
Plusle,Plusle,Scarlet,Terarium: Mass Outbreaks,SV Outbreak,N/A,N/A,N/A,N/A
Minun,Minun,Scarlet,Terarium: Mass Outbreaks,SV Outbreak,N/A,N/A,N/A,N/A
Volbeat,Volbeat,Scarlet,Kitakami: Mass Outbreaks,SV Outbreak,N/A,N/A,N/A,N/A
Illumise,Illumise,Scarlet,Kitakami: Mass Outbreaks,SV Outbreak,N/A,N/A,N/A,N/A
Roselia,Roselia,Legends: Arceus,Crimson Mirelands: Massive Mass Outbreak,Crimson Mirelands: Massive Mass Outbreak,N/A,N/A,N/A,N/A
Gulpin,Gulpin,Scarlet,Paldea: Mass Outbreaks,SV Outbreak,N/A,N/A,N/A,N/A
Swalot,Swalot,Scarlet,Paldea: Mass Outbreaks,SV Outbreak,N/A,N/A,N/A,N/A
Carvanha,Carvanha,Omega Ruby,Route 118,Super Rod,N/A,N/A,N/A,N/A
Sharpedo,Carvanha,Omega Ruby,Route 118,Super Rod,N/A,N/A,N/A,N/A
Wailmer,Wailmer,Omega Ruby,Route 103,Super Rod,N/A,N/A,N/A,N/A
Wailord,Wailmer,Omega Ruby,Route 103,Super Rod,N/A,N/A,N/A,N/A
Numel,Numel,Scarlet,Paldea: Mass Outbreaks,SV Outbreak,N/A,N/A,N/A,N/A
Camerupt,Camerupt,Scarlet,Paldea: Mass Outbreaks,SV Outbreak,N/A,N/A,N/A,N/A
Torkoal,Torkoal,Scarlet,Paldea: Mass Outbreaks,SV Outbreak,N/A,N/A,N/A,N/A
Spoink,Spoink,Scarlet,Paldea: Mass Outbreaks,SV Outbreak,N/A,N/A,N/A,N/A
Grumpig,Grumpig,Scarlet,Paldea: Mass Outbreaks,SV Outbreak,N/A,N/A,N/A,N/A
Spinda,Spinda,Diamond,Route 227,Swarm- PokeRadar,N/A,N/A,N/A,N/A
Trapinch,Trapinch,Scarlet,Terarium: Mass Outbreaks,SV Outbreak,N/A,N/A,N/A,N/A
Vibrava,Vibrava,Scarlet,Terarium: Mass Outbreaks,SV Outbreak,N/A,N/A,N/A,N/A
Flygon,Flygon,Scarlet,Terarium: Mass Outbreaks,SV Outbreak,N/A,N/A,N/A,N/A
Cacnea,Cacnea,Scarlet,Paldea: Mass Outbreaks,SV Outbreak,N/A,N/A,N/A,N/A
Cacturne,Cacturne,Scarlet,Paldea: Mass Outbreaks,SV Outbreak,N/A,N/A,N/A,N/A
Swablu,Swablu,Scarlet,Paldea: Mass Outbreaks,SV Outbreak,N/A,N/A,N/A,N/A
Altaria,Altaria,Scarlet,Paldea: Mass Outbreaks,SV Outbreak,N/A,N/A,N/A,N/A
Zangoose,Zangoose,Scarlet,Paldea: Mass Outbreaks,SV Outbreak,N/A,N/A,N/A,N/A
Seviper,Seviper,Scarlet,Paldea: Mass Outbreaks,SV Outbreak,N/A,N/A,N/A,N/A
Lunatone,Lunatone,Diamond,Lake Verity - After Galactic,Sapphire Inserted- PokeRadar,N/A,N/A,N/A,N/A
Solrock,Solrock,Diamond,Lake Verity - After Galactic,Ruby Inserted- PokeRadar,N/A,N/A,N/A,N/A
Barboach,Barboach,Scarlet,Paldea: Mass Outbreaks,SV Outbreak,N/A,N/A,N/A,N/A
Whiscash,Whiscash,Scarlet,Paldea: Mass Outbreaks,SV Outbreak,N/A,N/A,N/A,N/A
Corphish,Corphish,Scarlet,Kitakami: Mass Outbreaks,SV Outbreak,N/A,N/A,N/A,N/A
Crawdaunt,Crawdaunt,Scarlet,Kitakami: Mass Outbreaks,SV Outbreak,N/A,N/A,N/A,N/A
Baltoy,Baltoy,Diamond,Route 206,PokeRadar- PokeRadar,N/A,N/A,N/A,N/A
Claydol,Baltoy,Diamond,Route 206,PokeRadar- PokeRadar,N/A,N/A,N/A,N/A
Lileep,Lileep,Any,Day Care Center,Masuda Method,N/A,N/A,N/A,N/A
Cradily,Cradily,Any,Day Care Center,Masuda Method,N/A,N/A,N/A,N/A
Anorith,Anorith,Any,Day Care Center,Masuda Method,N/A,N/A,N/A,N/A
Armaldo,Armaldo,Any,Day Care Center,Masuda Method,N/A,N/A,N/A,N/A
Feebas,Feebas,Scarlet,Kitakami: Mass Outbreaks,SV Outbreak,N/A,N/A,N/A,N/A
Milotic,Feebas,Scarlet,Kitakami: Mass Outbreaks,SV Outbreak,N/A,N/A,N/A,N/A
Castform,Castform,Diamond,Trophy Garden - Daily Pokémon,Walk- PokeRadar,N/A,N/A,N/A,N/A
Kecleon,Kecleon,Diamond,Route 210 - North,PokeRadar- PokeRadar,N/A,N/A,N/A,N/A
Shuppet,Shuppet,Scarlet,Paldea: Mass Outbreaks,SV Outbreak,N/A,N/A,N/A,N/A
Banette,Banette,Scarlet,Paldea: Mass Outbreaks,SV Outbreak,N/A,N/A,N/A,N/A
Duskull,Duskull,Scarlet,Mass Outbreaks,SV Outbreak,N/A,N/A,N/A,N/A
Dusclops,Dusclops,Scarlet,Mass Outbreaks,SV Outbreak,N/A,N/A,N/A,N/A
Tropius,Tropius,Scarlet,Paldea: Mass Outbreaks,SV Outbreak,N/A,N/A,N/A,N/A
Chimecho,Chimecho,Scarlet,Kitakami: Mass Outbreaks,SV Outbreak,N/A,N/A,N/A,N/A
Absol,Absol,Diamond,Route 213,Swarm- PokeRadar,N/A,N/A,N/A,N/A
Wynaut,Wynaut,Any,Day Care Center,Masuda Method,N/A,N/A,N/A,N/A
Snorunt,Snorunt,Scarlet,Paldea: Mass Outbreaks,SV Outbreak,N/A,N/A,N/A,N/A
Glalie,Glalie,Scarlet,Paldea: Mass Outbreaks,SV Outbreak,N/A,N/A,N/A,N/A
Spheal,Spheal,Legends: Arceus,Obsidian Fieldlands: Massive Mass Outbreak,Obsidian Fieldlands: Massive Mass Outbreak,N/A,N/A,N/A,N/A
Sealeo,Sealeo,Legends: Arceus,Obsidian Fieldlands: Massive Mass Outbreak,Obsidian Fieldlands: Massive Mass Outbreak,N/A,N/A,N/A,N/A
Walrein,Walrein,Legends: Arceus,Cobalt Coastlands: Massive Mass Outbreak,Cobalt Coastlands: Massive Mass Outbreak,N/A,N/A,N/A,N/A
Clamperl,Clamperl,Ultra Sun,Route 15,Fish,Day,N/A,N/A,Initial
Huntail,Clamperl,Ultra Sun,Route 15,Fish,Day,N/A,N/A,Initial
Gorebyss,Clamperl,Ultra Sun,Route 15,Fish,Day,N/A,N/A,Initial
Relicanth,Relicanth,X,Cyllage City,Super Rod,N/A,N/A,N/A,N/A
Luvdisc,Luvdisc,Scarlet,Paldea: Mass Outbreaks,SV Outbreak,N/A,N/A,N/A,N/A
Bagon,Bagon,Scarlet,Paldea: Mass Outbreaks,SV Outbreak,N/A,N/A,N/A,N/A
Shelgon,Shelgon,Scarlet,Paldea: Mass Outbreaks,SV Outbreak,N/A,N/A,N/A,N/A
Salamence,Shelgon,Scarlet,Mass Outbreaks,SV Outbreak,N/A,N/A,N/A,N/A
Beldum,Beldum,Scarlet,Terarium: Mass Outbreaks,SV Outbreak,N/A,N/A,N/A,N/A
Metang,Metang,Scarlet,Terarium: Mass Outbreaks,SV Outbreak,N/A,N/A,N/A,N/A
Metagross,Metang,Scarlet,Terarium: Mass Outbreaks,SV Outbreak,N/A,N/A,N/A,N/A
Regirock,Regirock,Ultra Sun,Ultra Space Wilds - Cave,Interact,All Day,N/A,N/A,N/A
Regice,Regice,Ultra Sun,Ultra Space Wilds - Cave,Interact,All Day,N/A,N/A,N/A
Registeel,Registeel,Ultra Sun,Ultra Space Wilds - Cave,Interact,All Day,N/A,N/A,N/A
Latias,Latias,Ultra Moon,Ultra Space Wilds - Water,Interact,All Day,N/A,N/A,N/A
Latios,Latios,Ultra Sun,Ultra Space Wilds - Water,Interact,All Day,N/A,N/A,N/A
Kyogre,Kyogre,Ultra Moon,Ultra Space Wilds - Water,Interact,All Day,N/A,N/A,N/A
Groudon,Groudon,Ultra Sun,Ultra Space Wilds - Cave,Interact,All Day,N/A,N/A,N/A
Rayquaza,Rayquaza,Ultra Sun,Ultra Space Wilds - Cliff,Requires Kyogre & Groudon,All Day,N/A,N/A,N/A
Jirachi,Jirachi,Ruby,Wishmaker Disc,Event,N/A,N/A,N/A,N/A
Deoxys,Deoxys,Emerald,Birth Island,Interact,N/A,N/A,N/A,N/A
Turtwig,Turtwig,Scarlet,Terarium: Mass Outbreaks,SV Outbreak,N/A,N/A,N/A,N/A
Grotle,Turtwig,Scarlet,Terarium: Mass Outbreaks,SV Outbreak,N/A,N/A,N/A,N/A
Torterra,Turtwig,Scarlet,Terarium: Mass Outbreaks,SV Outbreak,N/A,N/A,N/A,N/A
Chimchar,Chimchar,Scarlet,Terarium: Mass Outbreaks,SV Outbreak,N/A,N/A,N/A,N/A
Monferno,Chimchar,Scarlet,Terarium: Mass Outbreaks,SV Outbreak,N/A,N/A,N/A,N/A
Infernape,Chimchar,Scarlet,Terarium: Mass Outbreaks,SV Outbreak,N/A,N/A,N/A,N/A
Piplup,Piplup,Scarlet,Terarium: Mass Outbreaks,SV Outbreak,N/A,N/A,N/A,N/A
Prinplup,Piplup,Scarlet,Terarium: Mass Outbreaks,SV Outbreak,N/A,N/A,N/A,N/A
Empoleon,Piplup,Scarlet,Terarium: Mass Outbreaks,SV Outbreak,N/A,N/A,N/A,N/A
Starly,Starly,Scarlet,Paldea: Mass Outbreaks,SV Outbreak,N/A,N/A,N/A,N/A
Staravia,Staravia,Scarlet,Paldea: Mass Outbreaks,SV Outbreak,N/A,N/A,N/A,N/A
Staraptor,Staraptor,Scarlet,Paldea: Mass Outbreaks,SV Outbreak,N/A,N/A,N/A,N/A
Bidoof,Bidoof,Legends: Arceus,Obsidian Fieldlands: Massive Mass Outbreak,Obsidian Fieldlands: Massive Mass Outbreak,N/A,N/A,N/A,N/A
Bibarel,Bibarel,Legends: Arceus,Obsidian Fieldlands: Massive Mass Outbreak,Obsidian Fieldlands: Massive Mass Outbreak,N/A,N/A,N/A,N/A
Kricketot,Kricketot,Scarlet,Paldea: Mass Outbreaks,SV Outbreak,N/A,N/A,N/A,N/A
Kricketune,Kricketune,Scarlet,Paldea: Mass Outbreaks,SV Outbreak,N/A,N/A,N/A,N/A
Shinx,Shinx,Scarlet,Paldea: Mass Outbreaks,SV Outbreak,N/A,N/A,N/A,N/A
Luxio,Luxio,Scarlet,Paldea: Mass Outbreaks,SV Outbreak,N/A,N/A,N/A,N/A
Luxray,Luxray,Scarlet,Paldea: Mass Outbreaks,SV Outbreak,N/A,N/A,N/A,N/A
Budew,Budew,Legends: Arceus,Crimson Mirelands: Massive Mass Outbreak,Crimson Mirelands: Massive Mass Outbreak,N/A,N/A,N/A,N/A
Roserade,Roserade,Legends: Arceus,Crimson Mirelands: Massive Mass Outbreak,Crimson Mirelands: Massive Mass Outbreak,N/A,N/A,N/A,N/A
Cranidos,Cranidos,Scarlet,Terarium: Mass Outbreaks,SV Outbreak,N/A,N/A,N/A,N/A
Rampardos,Cranidos,Scarlet,Terarium: Mass Outbreaks,SV Outbreak,N/A,N/A,N/A,N/A
Shieldon,Shieldon,Scarlet,Terarium: Mass Outbreaks,SV Outbreak,N/A,N/A,N/A,N/A
Bastiodon,Shieldon,Scarlet,Terarium: Mass Outbreaks,SV Outbreak,N/A,N/A,N/A,N/A
Burmy,Burmy,X,Route 3,Walking / Grass - PokeRadar,N/A,N/A,N/A,N/A
Wormadam,Burmy,X,Route 3,Walking / Grass - PokeRadar,N/A,N/A,N/A,N/A
Mothim,Burmy,X,Route 3,Walking / Grass - PokeRadar,N/A,N/A,N/A,N/A
Combee,Combee,Scarlet,Paldea: Mass Outbreaks,SV Outbreak,N/A,N/A,N/A,N/A
Vespiquen,Vespiquen,Scarlet,Paldea: Mass Outbreaks,SV Outbreak,N/A,N/A,N/A,N/A
Pachirisu,Pachirisu,Scarlet,Paldea: Mass Outbreaks,SV Outbreak,N/A,N/A,N/A,N/A
Buizel,Buizel,Scarlet,Paldea: Mass Outbreaks,SV Outbreak,N/A,N/A,N/A,N/A
Floatzel,Floatzel,Scarlet,Paldea: Mass Outbreaks,SV Outbreak,N/A,N/A,N/A,N/A
Cherubi,Cherubi,Any,Day Care Center,Masuda Method,N/A,N/A,N/A,N/A
Cherrim,Cherrim,Any,Day Care Center,Masuda Method,N/A,N/A,N/A,N/A
Shellos,Shellos,Scarlet,Paldea: Mass Outbreaks,SV Outbreak,N/A,N/A,N/A,N/A
Gastrodon,Gastrodon,Scarlet,Paldea: Mass Outbreaks,SV Outbreak,N/A,N/A,N/A,N/A
Ambipom,Aipom,Scarlet,Kitakami: Mass Outbreaks,SV Outbreak,N/A,N/A,N/A,N/A
Drifloon,Drifloon,Scarlet,Paldea: Mass Outbreaks,SV Outbreak,N/A,N/A,N/A,N/A
Drifblim,Drifblim,Scarlet,Paldea: Mass Outbreaks,SV Outbreak,N/A,N/A,N/A,N/A
Buneary,Buneary,Legends: Arceus,Obsidian Fieldlands: Massive Mass Outbreak,Obsidian Fieldlands: Massive Mass Outbreak,N/A,N/A,N/A,N/A
Lopunny,Lopunny,Legends: Arceus,Obsidian Fieldlands: Massive Mass Outbreak,Obsidian Fieldlands: Massive Mass Outbreak,N/A,N/A,N/A,N/A
Mismagius,Mismagius,Scarlet,Paldea: Mass Outbreaks,SV Outbreak,N/A,N/A,N/A,N/A
Honchkrow,Honchkrow,Scarlet,Paldea: Mass Outbreaks,SV Outbreak,N/A,N/A,N/A,N/A
Glameow,Glameow,Legends: Arceus,Cobalt Coastlands: Massive Mass Outbreak,Cobalt Coastlands: Massive Mass Outbreak,N/A,N/A,N/A,N/A
Purugly,Purugly,Legends: Arceus,Cobalt Coastlands: Massive Mass Outbreak,Cobalt Coastlands: Massive Mass Outbreak,N/A,N/A,N/A,N/A
Chingling,Chingling,Scarlet,Kitakami: Mass Outbreaks,SV Outbreak,N/A,N/A,N/A,N/A
Stunky,Stunky,Scarlet,Paldea: Mass Outbreaks,SV Outbreak,N/A,N/A,N/A,N/A
Skuntank,Skuntank,Scarlet,Paldea: Mass Outbreaks,SV Outbreak,N/A,N/A,N/A,N/A
Bronzor,Bronzor,Scarlet,Paldea: Mass Outbreaks,SV Outbreak,N/A,N/A,N/A,N/A
Bronzong,Bronzong,Scarlet,Paldea: Mass Outbreaks,SV Outbreak,N/A,N/A,N/A,N/A
Bonsly,Bonsly,Scarlet,Paldea: Mass Outbreaks,SV Outbreak,N/A,N/A,N/A,N/A
Mime Jr.,Mime Jr.,Legends: Arceus,Obsidian Fieldlands: Massive Mass Outbreak,Obsidian Fieldlands: Massive Mass Outbreak,N/A,N/A,N/A,N/A
Happiny,Happiny,Scarlet,Paldea: Mass Outbreaks,SV Outbreak,N/A,N/A,N/A,N/A
Chatot,Chatot,Legends: Arceus,Obsidian Fieldlands: Massive Mass Outbreak,Obsidian Fieldlands: Massive Mass Outbreak,N/A,N/A,N/A,N/A
Spiritomb,Spiritomb,Legends: Arceus,Crimson Mirelands: Massive Mass Outbreak,Crimson Mirelands: Massive Mass Outbreak,N/A,N/A,N/A,N/A
Gible,Gible,Scarlet,Paldea: Mass Outbreaks,SV Outbreak,N/A,N/A,N/A,N/A
Gabite,Gabite,Scarlet,Paldea: Mass Outbreaks,SV Outbreak,N/A,N/A,N/A,N/A
Garchomp,Gabite,Scarlet,Mass Outbreaks,SV Outbreak,N/A,N/A,N/A,N/A
Munchlax,Munchlax,Scarlet,Kitakami: Mass Outbreaks,SV Outbreak,N/A,N/A,N/A,N/A
Riolu,Riolu,Scarlet,Paldea: Mass Outbreaks,SV Outbreak,N/A,N/A,N/A,N/A
Lucario,Lucario,Scarlet,Paldea: Mass Outbreaks,SV Outbreak,N/A,N/A,N/A,N/A
Hippopotas,Hippopotas,Scarlet,Paldea: Mass Outbreaks,SV Outbreak,N/A,N/A,N/A,N/A
Hippowdon,Hippowdon,Scarlet,Paldea: Mass Outbreaks,SV Outbreak,N/A,N/A,N/A,N/A
Skorupi,Skorupi,Legends: Arceus,Crimson Mirelands: Massive Mass Outbreak,Crimson Mirelands: Massive Mass Outbreak,N/A,N/A,N/A,N/A
Drapion,Drapion,Legends: Arceus,Crimson Mirelands: Massive Mass Outbreak,Crimson Mirelands: Massive Mass Outbreak,N/A,N/A,N/A,N/A
Croagunk,Croagunk,Scarlet,Paldea: Mass Outbreaks,SV Outbreak,N/A,N/A,N/A,N/A
Toxicroak,Toxicroak,Scarlet,Paldea: Mass Outbreaks,SV Outbreak,N/A,N/A,N/A,N/A
Carnivine,Carnivine,Legends: Arceus,Crimson Mirelands: Massive Mass Outbreak,Crimson Mirelands: Massive Mass Outbreak,N/A,N/A,N/A,N/A
Finneon,Finneon,Scarlet,Paldea: Mass Outbreaks,SV Outbreak,N/A,N/A,N/A,N/A
Lumineon,Lumineon,Scarlet,Paldea: Mass Outbreaks,SV Outbreak,N/A,N/A,N/A,N/A
Mantyke,Mantyke,Legends: Arceus,Cobalt Coastlands: Massive Mass Outbreak,Cobalt Coastlands: Massive Mass Outbreak,N/A,N/A,N/A,N/A
Snover,Snover,Scarlet,Paldea: Mass Outbreaks,SV Outbreak,N/A,N/A,N/A,N/A
Abomasnow,Abomasnow,Scarlet,Paldea: Mass Outbreaks,SV Outbreak,N/A,N/A,N/A,N/A
Weavile,Weavile,Scarlet,Paldea: Mass Outbreaks,SV Outbreak,N/A,N/A,N/A,N/A
Magnezone,Magneton,Scarlet,Mass Outbreaks,SV Outbreak,N/A,N/A,N/A,N/A
Lickilicky,Lickilicky,Legends: Arceus,Crimson Mirelands: Massive Mass Outbreak,Crimson Mirelands: Massive Mass Outbreak,N/A,N/A,N/A,N/A
Rhyperior,Rhydon,Scarlet,Terarium: Mass Outbreaks,SV Outbreak,N/A,N/A,N/A,N/A
Tangrowth,Tangrowth,Legends: Arceus,Crimson Mirelands: Massive Mass Outbreak,Crimson Mirelands: Massive Mass Outbreak,N/A,N/A,N/A,N/A
Electivire,Electabuzz,Scarlet,Terarium: Mass Outbreaks,SV Outbreak,N/A,N/A,N/A,N/A
Magmortar,Magmar,Scarlet,Terarium: Mass Outbreaks,SV Outbreak,N/A,N/A,N/A,N/A
Togekiss,Togekiss,Legends: Arceus,Cobalt Coastlands: Massive Mass Outbreak,Cobalt Coastlands: Massive Mass Outbreak,N/A,N/A,N/A,N/A
Yanmega,Yanma,Scarlet,Kitakami: Mass Outbreaks,SV Outbreak,N/A,N/A,N/A,N/A
Leafeon,Leafeon,Scarlet,Paldea: Mass Outbreaks,SV Outbreak,N/A,N/A,N/A,N/A
Glaceon,Glaceon,Scarlet,Paldea: Mass Outbreaks,SV Outbreak,N/A,N/A,N/A,N/A
Gliscor,Gligar,Scarlet,Kitakami: Mass Outbreaks,SV Outbreak,N/A,N/A,N/A,N/A
Mamoswine,Piloswine,Scarlet,Kitakami: Mass Outbreaks,SV Outbreak,N/A,N/A,N/A,N/A
Porygon-Z,Porygon,Scarlet,Terarium: Mass Outbreaks,SV Outbreak,N/A,N/A,N/A,N/A
Gallade,Gallade,Scarlet,Paldea: Mass Outbreaks,SV Outbreak,N/A,N/A,N/A,N/A
Probopass,Nosepass,Scarlet,Mass Outbreaks,SV Outbreak,N/A,N/A,N/A,N/A
Dusknoir,Dusclops,Scarlet,Mass Outbreaks,SV Outbreak,N/A,N/A,N/A,N/A
Froslass,Froslass,Scarlet,Paldea: Mass Outbreaks,SV Outbreak,N/A,N/A,N/A,N/A
Rotom,Rotom,Scarlet,Paldea: Mass Outbreaks,SV Outbreak,N/A,N/A,N/A,N/A
Uxie,Uxie,Ultra Sun,Ultra Space Wilds - Water,Interact,All Day,N/A,N/A,N/A
Mesprit,Mesprit,Ultra Sun,Ultra Space Wilds - Water,Interact,All Day,N/A,N/A,N/A
Azelf,Azelf,Ultra Sun,Ultra Space Wilds - Water,Interact,All Day,N/A,N/A,N/A
Dialga,Dialga,Ultra Sun,Ultra Space Wilds - Forest,Interact,All Day,N/A,N/A,N/A
Palkia,Palkia,Ultra Moon,Ultra Space Wilds - Cave,Interact,All Day,N/A,N/A,N/A
Heatran,Heatran,Ultra Sun,Ultra Space Wilds - Cave,Interact,All Day,N/A,N/A,N/A
Regigigas,Regigigas,Ultra Moon,Ultra Space Wilds - Cave,Interact,All Day,N/A,N/A,N/A
Giratina,Giratina,Ultra Sun,Ultra Space Wilds - Cave,Requires Dialga & Palkia,All Day,N/A,N/A,N/A
Cresselia,Cresselia,Ultra Sun,Ultra Space Wilds - Cliff,Interact,All Day,N/A,N/A,N/A
Phione,Phione,Any,Day Care Center,Masuda Method,N/A,N/A,N/A,N/A
Manaphy,Manaphy,Pokémon Brilliant Diamond,Pokémon Home,Deposit full Sinnoh Dex,N/A,N/A,N/A,N/A
Darkrai,Darkrai,Pokémon Brilliant Diamond,Newmoon Island,Interact,All Day,N/A,N/A,N/A
Shaymin,Shaymin,Pokémon Brilliant Diamond,Flower Paradise,Interact,All Day,N/A,N/A,N/A
Arceus,Arceus,Pokémon Brilliant Diamond,Hall of Origin,Interact,All Day,N/A,N/A,N/A
Victini,Victini,None,None,None,N/A,N/A,N/A,N/A
Snivy,Snivy,Scarlet,Terarium: Mass Outbreaks,SV Outbreak,N/A,N/A,N/A,N/A
Servine,Snivy,Scarlet,Terarium: Mass Outbreaks,SV Outbreak,N/A,N/A,N/A,N/A
Serperior,Snivy,Scarlet,Terarium: Mass Outbreaks,SV Outbreak,N/A,N/A,N/A,N/A
Tepig,Tepig,Scarlet,Terarium: Mass Outbreaks,SV Outbreak,N/A,N/A,N/A,N/A
Pignite,Tepig,Scarlet,Terarium: Mass Outbreaks,SV Outbreak,N/A,N/A,N/A,N/A
Emboar,Tepig,Scarlet,Terarium: Mass Outbreaks,SV Outbreak,N/A,N/A,N/A,N/A
Oshawott,Oshawott,Scarlet,Terarium: Mass Outbreaks,SV Outbreak,N/A,N/A,N/A,N/A
Dewott,Oshawott,Scarlet,Terarium: Mass Outbreaks,SV Outbreak,N/A,N/A,N/A,N/A
Samurott,Oshawott,Scarlet,Terarium: Mass Outbreaks,SV Outbreak,N/A,N/A,N/A,N/A
Patrat,Patrat,Any,Day Care Center,Masuda Method,N/A,N/A,N/A,N/A
Watchog,Watchog,X,Route 15,Walking / Grass - PokeRadar,N/A,N/A,N/A,N/A
Lillipup,Lillipup,Ultra Sun,Route 4,Walking / Grass,Day,N/A,N/A,Initial
Herdier,Lillipup,Ultra Sun,Route 4,Walking / Grass,Day,N/A,N/A,Initial
Stoutland,Lillipup,Ultra Sun,Route 4,Walking / Grass,Day,N/A,N/A,Initial
Purrloin,Purrloin,Any,Day Care Center,Masuda Method,N/A,N/A,N/A,N/A
Liepard,Liepard,Y,Route 15,Walking / Grass - PokeRadar,N/A,N/A,N/A,N/A
Pansage,Pansage,X,Santalune Forest,Walking / Grass - PokeRadar,N/A,N/A,N/A,N/A
Simisage,Pansage,X,Santalune Forest,Walking / Grass - PokeRadar,N/A,N/A,N/A,N/A
Pansear,Pansear,X,Santalune Forest,Walking / Grass - PokeRadar,N/A,N/A,N/A,N/A
Simisear,Pansear,X,Santalune Forest,Walking / Grass - PokeRadar,N/A,N/A,N/A,N/A
Panpour,Panpour,X,Santalune Forest,Walking / Grass - PokeRadar,N/A,N/A,N/A,N/A
Simipour,Panpour,X,Santalune Forest,Walking / Grass - PokeRadar,N/A,N/A,N/A,N/A
Munna,Munna,Any,Day Care Center,Masuda Method,N/A,N/A,N/A,N/A
Musharna,Musharna,Any,Day Care Center,Masuda Method,N/A,N/A,N/A,N/A
Pidove,Pidove,Any,Day Care Center,Masuda Method,N/A,N/A,N/A,N/A
Tranquill,Tranquill,Any,Day Care Center,Masuda Method,N/A,N/A,N/A,N/A
Unfezant,Unfezant,Any,Day Care Center,Masuda Method,N/A,N/A,N/A,N/A
Blitzle,Blitzle,Scarlet,Terarium: Mass Outbreaks,SV Outbreak,N/A,N/A,N/A,N/A
Zebstrika,Zebstrika,Scarlet,Terarium: Mass Outbreaks,SV Outbreak,N/A,N/A,N/A,N/A
Roggenrola,Roggenrola,Ultra Sun,Ten Carat Hill - Cave,Walking / Grass,All Day,N/A,N/A,Initial
Boldore,Roggenrola,Ultra Sun,Ten Carat Hill - Cave,Walking / Grass,All Day,N/A,N/A,Initial
Gigalith,Roggenrola,Ultra Sun,Ten Carat Hill - Cave,Walking / Grass,All Day,N/A,N/A,Initial
Woobat,Woobat,Any,Day Care Center,Masuda Method,N/A,N/A,N/A,N/A
Swoobat,Swoobat,Any,Day Care Center,Masuda Method,N/A,N/A,N/A,N/A
Drilbur,Drilbur,Scarlet,Terarium: Mass Outbreaks,SV Outbreak,N/A,N/A,N/A,N/A
Excadrill,Excadrill,Scarlet,Terarium: Mass Outbreaks,SV Outbreak,N/A,N/A,N/A,N/A
Audino,Audino,Ultra Sun,Ultra Space Wilds - Forest,Interact,All Day,N/A,N/A,N/A
Timburr,Timburr,Scarlet,Kitakami: Mass Outbreaks,SV Outbreak,N/A,N/A,N/A,N/A
Gurdurr,Gurdurr,Scarlet,Kitakami: Mass Outbreaks,SV Outbreak,N/A,N/A,N/A,N/A
Conkeldurr,Gurdurr,Scarlet,Kitakami: Mass Outbreaks,SV Outbreak,N/A,N/A,N/A,N/A
Tympole,Tympole,Any,Day Care Center,Masuda Method,N/A,N/A,N/A,N/A
Palpitoad,Palpitoad,Any,Day Care Center,Masuda Method,N/A,N/A,N/A,N/A
Seismitoad,Seismitoad,Any,Day Care Center,Masuda Method,N/A,N/A,N/A,N/A
Throh,Throh,Y,Route 11,Walking / Grass - PokeRadar,N/A,N/A,N/A,N/A
Sawk,Sawk,X,Route 11,Walking / Grass - PokeRadar,N/A,N/A,N/A,N/A
Sewaddle,Sewaddle,Scarlet,Kitakami: Mass Outbreaks,SV Outbreak,N/A,N/A,N/A,N/A
Swadloon,Swadloon,Scarlet,Kitakami: Mass Outbreaks,SV Outbreak,N/A,N/A,N/A,N/A
Leavanny,Leavanny,Scarlet,Kitakami: Mass Outbreaks,SV Outbreak,N/A,N/A,N/A,N/A
Venipede,Venipede,Any,Day Care Center,Masuda Method,N/A,N/A,N/A,N/A
Whirlipede,Whirlipede,Any,Day Care Center,Masuda Method,N/A,N/A,N/A,N/A
Scolipede,Scolipede,Any,Day Care Center,Masuda Method,N/A,N/A,N/A,N/A
Cottonee,Cottonee,Scarlet,Terarium: Mass Outbreaks,SV Outbreak,N/A,N/A,N/A,N/A
Whimsicott,Whimsicott,Scarlet,Terarium: Mass Outbreaks,SV Outbreak,N/A,N/A,N/A,N/A
Petilil,Petilil,Scarlet,Paldea: Mass Outbreaks,SV Outbreak,N/A,N/A,N/A,N/A
Lilligant,Lilligant,Scarlet,Paldea: Mass Outbreaks,SV Outbreak,N/A,N/A,N/A,N/A
Basculin,Basculin,Scarlet,Paldea: Mass Outbreaks,SV Outbreak,N/A,N/A,N/A,N/A
Sandile,Sandile,Scarlet,Paldea: Mass Outbreaks,SV Outbreak,N/A,N/A,N/A,N/A
Krokorok,Krokorok,Scarlet,Paldea: Mass Outbreaks,SV Outbreak,N/A,N/A,N/A,N/A
Krookodile,Krookodile,Scarlet,Mass Outbreaks,SV Outbreak,N/A,N/A,N/A,N/A
Darumaka,Darumaka,Any,Day Care Center,Masuda Method,N/A,N/A,N/A,N/A
Darmanitan,Darmanitan,Any,Day Care Center,Masuda Method,N/A,N/A,N/A,N/A
Maractus,Maractus,Any,Day Care Center,Masuda Method,N/A,N/A,N/A,N/A
Dwebble,Dwebble,Any,Day Care Center,Masuda Method,N/A,N/A,N/A,N/A
Crustle,Crustle,Ultra Sun,Ultra Space Wilds - Cave,Interact,All Day,N/A,N/A,N/A
Scraggy,Scraggy,Scarlet,Terarium: Mass Outbreaks,SV Outbreak,N/A,N/A,N/A,N/A
Scrafty,Scrafty,Scarlet,Terarium: Mass Outbreaks,SV Outbreak,N/A,N/A,N/A,N/A
Sigilyph,Sigilyph,X,Route 10,Walking / Grass - PokeRadar,N/A,N/A,N/A,N/A
Yamask,Yamask,Any,Day Care Center,Masuda Method,N/A,N/A,N/A,N/A
Cofagrigus,Cofagrigus,Any,Day Care Center,Masuda Method,N/A,N/A,N/A,N/A
Tirtouga,Tirtouga,Any,Day Care Center,Masuda Method,N/A,N/A,N/A,N/A
Carracosta,Carracosta,Any,Day Care Center,Masuda Method,N/A,N/A,N/A,N/A
Archen,Archen,Any,Day Care Center,Masuda Method,N/A,N/A,N/A,N/A
Archeops,Archeops,Any,Day Care Center,Masuda Method,N/A,N/A,N/A,N/A
Trubbish,Trubbish,Ultra Sun,Malie City - Outer Cape,Walking / Grass,All Day,N/A,N/A,Initial
Garbodor,Trubbish,Ultra Sun,Malie City - Outer Cape,Walking / Grass,All Day,N/A,N/A,Initial
Zorua,Zorua,Scarlet,Paldea: Mass Outbreaks,SV Outbreak,N/A,N/A,N/A,N/A
Zoroark,Zoroark,Scarlet,Paldea: Mass Outbreaks,SV Outbreak,N/A,N/A,N/A,N/A
Minccino,Minccino,Scarlet,Terarium: Mass Outbreaks,SV Outbreak,N/A,N/A,N/A,N/A
Cinccino,Cinccino,Scarlet,Terarium: Mass Outbreaks,SV Outbreak,N/A,N/A,N/A,N/A
Gothita,Gothita,Scarlet,Paldea: Mass Outbreaks,SV Outbreak,N/A,N/A,N/A,N/A
Gothorita,Gothorita,Scarlet,Paldea: Mass Outbreaks,SV Outbreak,N/A,N/A,N/A,N/A
Gothitelle,Gothitelle,Scarlet,Paldea: Mass Outbreaks,SV Outbreak,N/A,N/A,N/A,N/A
Solosis,Solosis,Scarlet,Terarium: Mass Outbreaks,SV Outbreak,N/A,N/A,N/A,N/A
Duosion,Duosion,Scarlet,Terarium: Mass Outbreaks,SV Outbreak,N/A,N/A,N/A,N/A
Reuniclus,Reuniclus,Scarlet,Terarium: Mass Outbreaks,SV Outbreak,N/A,N/A,N/A,N/A
Ducklett,Ducklett,Scarlet,Kitakami: Mass Outbreaks,SV Outbreak,N/A,N/A,N/A,N/A
Swanna,Ducklett,Scarlet,Kitakami: Mass Outbreaks,SV Outbreak,N/A,N/A,N/A,N/A
Vanillite,Vanillite,Sun,Tapu Village,Weather SOS Battle,All Day,N/A,N/A,N/A
Vanillish,Vanillish,Sun,Mount Lanakila - Mountainside,Weather SOS Battle,All Day,N/A,N/A,N/A
Vanilluxe,Vanillish,Sun,Mount Lanakila - Mountainside,Weather SOS Battle,All Day,N/A,N/A,N/A
Deerling,Deerling,Scarlet,Paldea: Mass Outbreaks,SV Outbreak,N/A,N/A,N/A,N/A
Sawsbuck,Sawsbuck,Scarlet,Paldea: Mass Outbreaks,SV Outbreak,N/A,N/A,N/A,N/A
Emolga,Emolga,X,Route 10,Walking / Grass - PokeRadar,N/A,N/A,N/A,N/A
Karrablast,Karrablast,X,Route 14,Walking / Grass - PokeRadar,N/A,N/A,N/A,N/A
Escavalier,Karrablast,X,Route 14,Walking / Grass - PokeRadar,N/A,N/A,N/A,N/A
Foongus,Foongus,Scarlet,Paldea: Mass Outbreaks,SV Outbreak,N/A,N/A,N/A,N/A
Amoonguss,Amoonguss,Scarlet,Paldea: Mass Outbreaks,SV Outbreak,N/A,N/A,N/A,N/A
Frillish,Frillish,Ultra Sun,Route 14,Interact,All Day,N/A,N/A,
Jellicent,Frillish,Ultra Sun,Route 14,Interact,All Day,N/A,N/A,
Alomomola,Alomomola,Scarlet,Paldea: Mass Outbreaks,SV Outbreak,N/A,N/A,N/A,N/A
Joltik,Joltik,Scarlet,Terarium: Mass Outbreaks,SV Outbreak,N/A,N/A,N/A,N/A
Galvantula,Galvantula,Scarlet,Terarium: Mass Outbreaks,SV Outbreak,N/A,N/A,N/A,N/A
Ferroseed,Ferroseed,Any,Day Care Center,Masuda Method,N/A,N/A,N/A,N/A
Ferrothorn,Ferrothorn,Any,Day Care Center,Masuda Method,N/A,N/A,N/A,N/A
Klink,Klink,Any,Day Care Center,Masuda Method,N/A,N/A,N/A,N/A
Klang,Klang,Any,Day Care Center,Masuda Method,N/A,N/A,N/A,N/A
Klinklang,Klinklang,Any,Day Care Center,Masuda Method,N/A,N/A,N/A,N/A
Tynamo,Tynamo,Scarlet,Paldea: Mass Outbreaks,SV Outbreak,N/A,N/A,N/A,N/A
Eelektrik,Eelektrik,Scarlet,Paldea: Mass Outbreaks,SV Outbreak,N/A,N/A,N/A,N/A
Eelektross,Eelektross,Scarlet,Mass Outbreaks,SV Outbreak,N/A,N/A,N/A,N/A
Elgyem,Elgyem,Ultra Sun,Mount Hokulani,Walking / Grass,Day,N/A,N/A,Initial
Beheeyem,Elgyem,Ultra Sun,Mount Hokulani,Walking / Grass,Day,N/A,N/A,Initial
Litwick,Litwick,Scarlet,Kitakami: Mass Outbreaks,SV Outbreak,N/A,N/A,N/A,N/A
Lampent,Lampent,Scarlet,Kitakami: Mass Outbreaks,SV Outbreak,N/A,N/A,N/A,N/A
Chandelure,Lampent,Scarlet,Kitakami: Mass Outbreaks,SV Outbreak,N/A,N/A,N/A,N/A
Axew,Axew,Scarlet,Paldea: Mass Outbreaks,SV Outbreak,N/A,N/A,N/A,N/A
Fraxure,Fraxure,Scarlet,Paldea: Mass Outbreaks,SV Outbreak,N/A,N/A,N/A,N/A
Haxorus,Fraxure,Scarlet,Mass Outbreaks,SV Outbreak,N/A,N/A,N/A,N/A
Cubchoo,Cubchoo,Scarlet,Paldea: Mass Outbreaks,SV Outbreak,N/A,N/A,N/A,N/A
Beartic,Beartic,Scarlet,Paldea: Mass Outbreaks,SV Outbreak,N/A,N/A,N/A,N/A
Cryogonal,Cryogonal,Scarlet,Paldea: Mass Outbreaks,SV Outbreak,N/A,N/A,N/A,N/A
Shelmet,Shelmet,X,Route 14,Walking / Grass - PokeRadar,N/A,N/A,N/A,N/A
Accelgor,Shelmet,X,Route 14,Walking / Grass - PokeRadar,N/A,N/A,N/A,N/A
Stunfisk,Stunfisk,X,Route 14,Water - PokeRadar,N/A,N/A,N/A,N/A
Mienfoo,Mienfoo,Scarlet,Kitakami: Mass Outbreaks,SV Outbreak,N/A,N/A,N/A,N/A
Mienshao,Mienfoo,Scarlet,Kitakami: Mass Outbreaks,SV Outbreak,N/A,N/A,N/A,N/A
Druddigon,Druddigon,X,Victory Road - Room 1,Walking / Grass - PokeRadar,N/A,N/A,N/A,N/A
Golett,Golett,Scarlet,Terarium: Mass Outbreaks,SV Outbreak,N/A,N/A,N/A,N/A
Golurk,Golurk,Scarlet,Terarium: Mass Outbreaks,SV Outbreak,N/A,N/A,N/A,N/A
Pawniard,Pawniard,Scarlet,Paldea: Mass Outbreaks,SV Outbreak,N/A,N/A,N/A,N/A
Bisharp,Bisharp,Scarlet,Paldea: Mass Outbreaks,SV Outbreak,N/A,N/A,N/A,N/A
Bouffalant,Bouffalant,Any,Day Care Center,Masuda Method,N/A,N/A,N/A,N/A
Rufflet,Rufflet,Scarlet,Paldea: Mass Outbreaks,SV Outbreak,N/A,N/A,N/A,N/A
Braviary,Braviary,Scarlet,Paldea: Mass Outbreaks,SV Outbreak,N/A,N/A,N/A,N/A
Vullaby,Vullaby,Scarlet,Kitakami: Mass Outbreaks,SV Outbreak,N/A,N/A,N/A,N/A
Mandibuzz,Mandibuzz,Scarlet,Kitakami: Mass Outbreaks,SV Outbreak,N/A,N/A,N/A,N/A
Heatmor,Heatmor,X,Route 18,Walking / Grass - PokeRadar,N/A,N/A,N/A,N/A
Durant,Durant,X,Route 18,Walking / Grass - PokeRadar,N/A,N/A,N/A,N/A
Deino,Deino,Scarlet,Paldea: Mass Outbreaks,SV Outbreak,N/A,N/A,N/A,N/A
Zweilous,Zweilous,Scarlet,Paldea: Mass Outbreaks,SV Outbreak,N/A,N/A,N/A,N/A
Hydreigon,Zweilous,Scarlet,Mass Outbreaks,SV Outbreak,N/A,N/A,N/A,N/A
Larvesta,Larvesta,Scarlet,Paldea: Mass Outbreaks,SV Outbreak,N/A,N/A,N/A,N/A
Volcarona,Volcarona,Scarlet,Paldea: Mass Outbreaks,SV Outbreak,N/A,N/A,N/A,N/A
Cobalion,Cobalion,Ultra Sun,Ultra Space Wilds - Forest,Interact,All Day,N/A,N/A,N/A
Terrakion,Terrakion,Ultra Sun,Ultra Space Wilds - Forest,Interact,All Day,N/A,N/A,N/A
Virizion,Virizion,Ultra Sun,Ultra Space Wilds - Forest,Interact,All Day,N/A,N/A,N/A
Tornadus,Tornadus,Ultra Sun,Ultra Space Wilds - Cliff,Interact,All Day,N/A,N/A,N/A
Thundurus,Thundurus,Ultra Moon,Ultra Space Wilds - Cliff,Interact,All Day,N/A,N/A,N/A
Reshiram,Reshiram,Ultra Sun,Ultra Space Wilds - Forest,Interact,All Day,N/A,N/A,N/A
Zekrom,Zekrom,Ultra Moon,Ultra Space Wilds - Forest,Interact,All Day,N/A,N/A,N/A
Landorus,Landorus,Ultra Sun,Ultra Space Wilds - Cliff,Requires Tornadus & Thundurus,All Day,N/A,N/A,N/A
Kyurem,Kyurem,Ultra Sun,Ultra Space Wilds - Water,Requires Reshiram & Zekrom,All Day,N/A,N/A,N/A
Keldeo,Keldeo,Pokémon Sword,Pokémon Home,Deposit full Galar; Isle of Armor; and Crown Tundra Dex,N/A,N/A,N/A,N/A
Meloetta,Meloetta,Scarlet,Pokémon Home,Deposit full Paldea; Kitakami; and Blueberry Dex,N/A,N/A,N/A,N/A
Genesect,Genesect,None,None,None,N/A,N/A,N/A,N/A
Chespin,Chespin,Scarlet,Terarium: Mass Outbreaks,SV Outbreak,N/A,N/A,N/A,N/A
Quilladin,Chespin,Scarlet,Terarium: Mass Outbreaks,SV Outbreak,N/A,N/A,N/A,N/A
Chesnaught,Chespin,Scarlet,Terarium: Mass Outbreaks,SV Outbreak,N/A,N/A,N/A,N/A
Fennekin,Fennekin,Scarlet,Terarium: Mass Outbreaks,SV Outbreak,N/A,N/A,N/A,N/A
Braixen,Fennekin,Scarlet,Terarium: Mass Outbreaks,SV Outbreak,N/A,N/A,N/A,N/A
Delphox,Fennekin,Scarlet,Terarium: Mass Outbreaks,SV Outbreak,N/A,N/A,N/A,N/A
Froakie,Froakie,Scarlet,Terarium: Mass Outbreaks,SV Outbreak,N/A,N/A,N/A,N/A
Frogadier,Froakie,Scarlet,Terarium: Mass Outbreaks,SV Outbreak,N/A,N/A,N/A,N/A
Greninja,Froakie,Scarlet,Terarium: Mass Outbreaks,SV Outbreak,N/A,N/A,N/A,N/A
Bunnelby,Bunnelby,X,Route 2,Walking / Grass - PokeRadar,N/A,N/A,N/A,N/A
Diggersby,Diggersby,X,Route 22,Yellow Flowers - PokeRadar,N/A,N/A,N/A,N/A
Fletchling,Fletchling,Scarlet,Paldea: Mass Outbreaks,SV Outbreak,N/A,N/A,N/A,N/A
Fletchinder,Fletchinder,Scarlet,Paldea: Mass Outbreaks,SV Outbreak,N/A,N/A,N/A,N/A
Talonflame,Talonflame,Scarlet,Paldea: Mass Outbreaks,SV Outbreak,N/A,N/A,N/A,N/A
Scatterbug,Scatterbug,Scarlet,Paldea: Mass Outbreaks,SV Outbreak,N/A,N/A,N/A,N/A
Spewpa,Spewpa,Scarlet,Paldea: Mass Outbreaks,SV Outbreak,N/A,N/A,N/A,N/A
Vivillon,Vivillon,Scarlet,Paldea: Mass Outbreaks,SV Outbreak,N/A,N/A,N/A,N/A
Litleo,Litleo,Scarlet,Paldea: Mass Outbreaks,SV Outbreak,N/A,N/A,N/A,N/A
Pyroar,Pyroar,Scarlet,Paldea: Mass Outbreaks,SV Outbreak,N/A,N/A,N/A,N/A
Flabébé,Flabébé,Scarlet,Paldea: Mass Outbreaks,SV Outbreak,N/A,N/A,N/A,N/A
Floette,Floette,Scarlet,Paldea: Mass Outbreaks,SV Outbreak,N/A,N/A,N/A,N/A
Florges,Florges,Scarlet,Paldea: Mass Outbreaks,SV Outbreak,N/A,N/A,N/A,N/A
Skiddo,Skiddo,Scarlet,Paldea: Mass Outbreaks,SV Outbreak,N/A,N/A,N/A,N/A
Gogoat,Gogoat,Scarlet,Paldea: Mass Outbreaks,SV Outbreak,N/A,N/A,N/A,N/A
Pancham,Pancham,X,Route 5,Walking / Grass - PokeRadar,N/A,N/A,N/A,N/A
Pangoro,Pancham,X,Route 5,Walking / Grass - PokeRadar,N/A,N/A,N/A,N/A
Furfrou,Furfrou,X,Route 5,Walking / Grass - PokeRadar,N/A,N/A,N/A,N/A
Espurr,Espurr,Scarlet,Terarium: Mass Outbreaks,SV Outbreak,N/A,N/A,N/A,N/A
Meowstic,Meowstic,Scarlet,Terarium: Mass Outbreaks,SV Outbreak,N/A,N/A,N/A,N/A
Honedge,Honedge,Any,Day Care Center,Masuda Method,N/A,N/A,N/A,N/A
Doublade,Doublade,Any,Day Care Center,Masuda Method,N/A,N/A,N/A,N/A
Aegislash,Aegislash,Any,Day Care Center,Masuda Method,N/A,N/A,N/A,N/A
Spritzee,Spritzee,Y,Route 7,Walking / Grass - PokeRadar,N/A,N/A,N/A,N/A
Aromatisse,Spritzee,Y,Route 7,Walking / Grass - PokeRadar,N/A,N/A,N/A,N/A
Swirlix,Swirlix,X,Route 7,Walking / Grass - PokeRadar,N/A,N/A,N/A,N/A
Slurpuff,Swirlix,X,Route 7,Walking / Grass - PokeRadar,N/A,N/A,N/A,N/A
Inkay,Inkay,Scarlet,Paldea: Mass Outbreaks,SV Outbreak,N/A,N/A,N/A,N/A
Malamar,Inkay,Scarlet,Paldea: Mass Outbreaks,SV Outbreak,N/A,N/A,N/A,N/A
Binacle,Binacle,Any,Day Care Center,Masuda Method,N/A,N/A,N/A,N/A
Barbaracle,Barbaracle,Ultra Sun,Ultra Space Wilds - Water,Interact,All Day,N/A,N/A,N/A
Skrelp,Skrelp,Scarlet,Paldea: Mass Outbreaks,SV Outbreak,N/A,N/A,N/A,N/A
Dragalge,Dragalge,Scarlet,Paldea: Mass Outbreaks,SV Outbreak,N/A,N/A,N/A,N/A
Clauncher,Clauncher,Scarlet,Paldea: Mass Outbreaks,SV Outbreak,N/A,N/A,N/A,N/A
Clawitzer,Clawitzer,Scarlet,Paldea: Mass Outbreaks,SV Outbreak,N/A,N/A,N/A,N/A
Helioptile,Helioptile,Any,Day Care Center,Masuda Method,N/A,N/A,N/A,N/A
Heliolisk,Heliolisk,Ultra Sun,Ultra Space Wilds - Forest,Interact,All Day,N/A,N/A,N/A
Tyrunt,Tyrunt,Any,Day Care Center,Masuda Method,N/A,N/A,N/A,N/A
Tyrantrum,Tyrantrum,Any,Day Care Center,Masuda Method,N/A,N/A,N/A,N/A
Amaura,Amaura,Any,Day Care Center,Masuda Method,N/A,N/A,N/A,N/A
Aurorus,Aurorus,Any,Day Care Center,Masuda Method,N/A,N/A,N/A,N/A
Sylveon,Sylveon,Scarlet,Mass Outbreaks,SV Outbreak,N/A,N/A,N/A,N/A
Hawlucha,Hawlucha,Scarlet,Paldea: Mass Outbreaks,SV Outbreak,N/A,N/A,N/A,N/A
Dedenne,Dedenne,Scarlet,Paldea: Mass Outbreaks,SV Outbreak,N/A,N/A,N/A,N/A
Carbink,Carbink,Scarlet,Mass Outbreaks,SV Outbreak,N/A,N/A,N/A,N/A
Goomy,Goomy,Scarlet,Paldea: Mass Outbreaks,SV Outbreak,N/A,N/A,N/A,N/A
Sliggoo,Sliggoo,Scarlet,Paldea: Mass Outbreaks,SV Outbreak,N/A,N/A,N/A,N/A
Goodra,Sliggoo,Scarlet,Paldea: Mass Outbreaks,SV Outbreak,N/A,N/A,N/A,N/A
Klefki,Klefki,Scarlet,Paldea: Mass Outbreaks,SV Outbreak,N/A,N/A,N/A,N/A
Phantump,Phantump,Scarlet,Paldea: Mass Outbreaks,SV Outbreak,N/A,N/A,N/A,N/A
Trevenant,Trevenant,Scarlet,Paldea: Mass Outbreaks,SV Outbreak,N/A,N/A,N/A,N/A
Pumpkaboo,Pumpkaboo,Any,Day Care Center,Masuda Method,N/A,N/A,N/A,N/A
Gourgeist,Gourgeist,Any,Day Care Center,Masuda Method,N/A,N/A,N/A,N/A
Bergmite,Bergmite,Scarlet,Paldea: Mass Outbreaks,SV Outbreak,N/A,N/A,N/A,N/A
Avalugg,Avalugg,Scarlet,Paldea: Mass Outbreaks,SV Outbreak,N/A,N/A,N/A,N/A
Noibat,Noibat,Scarlet,Paldea: Mass Outbreaks,SV Outbreak,N/A,N/A,N/A,N/A
Noivern,Noivern,Scarlet,Paldea: Mass Outbreaks,SV Outbreak,N/A,N/A,N/A,N/A
Xerneas,Xerneas,Ultra Sun,Ultra Space Wilds - Forest,Interact,All Day,N/A,N/A,N/A
Yveltal,Yveltal,Ultra Moon,Ultra Space Wilds - Cliff,Interact,All Day,N/A,N/A,N/A
Zygarde,Zygarde,Pokémon Sword,Dynamax Adventures,Max Raid Battle,N/A,N/A,N/A,N/A
Diancie,Diancie,None,None,None,N/A,N/A,N/A,N/A
Hoopa,Hoopa,None,None,None,N/A,N/A,N/A,N/A
Volcanion,Volcanion,None,None,None,N/A,N/A,N/A,N/A
Rowlet,Rowlet,Scarlet,Terarium: Mass Outbreaks,SV Outbreak,N/A,N/A,N/A,N/A
Dartrix,Rowlet,Scarlet,Terarium: Mass Outbreaks,SV Outbreak,N/A,N/A,N/A,N/A
Decidueye,Rowlet,Scarlet,Terarium: Mass Outbreaks,SV Outbreak,N/A,N/A,N/A,N/A
Litten,Litten,Scarlet,Terarium: Mass Outbreaks,SV Outbreak,N/A,N/A,N/A,N/A
Torracat,Litten,Scarlet,Terarium: Mass Outbreaks,SV Outbreak,N/A,N/A,N/A,N/A
Incineroar,Litten,Scarlet,Terarium: Mass Outbreaks,SV Outbreak,N/A,N/A,N/A,N/A
Popplio,Popplio,Scarlet,Terarium: Mass Outbreaks,SV Outbreak,N/A,N/A,N/A,N/A
Brionne,Popplio,Scarlet,Terarium: Mass Outbreaks,SV Outbreak,N/A,N/A,N/A,N/A
Primarina,Popplio,Scarlet,Terarium: Mass Outbreaks,SV Outbreak,N/A,N/A,N/A,N/A
Pikipek,Pikipek,Scarlet,Terarium: Mass Outbreaks,SV Outbreak,N/A,N/A,N/A,N/A
Trumbeak,Trumbeak,Scarlet,Terarium: Mass Outbreaks,SV Outbreak,N/A,N/A,N/A,N/A
Toucannon,Toucannon,Scarlet,Terarium: Mass Outbreaks,SV Outbreak,N/A,N/A,N/A,N/A
Yungoos,Yungoos,Scarlet,Paldea: Mass Outbreaks,SV Outbreak,N/A,N/A,N/A,N/A
Gumshoos,Gumshoos,Scarlet,Paldea: Mass Outbreaks,SV Outbreak,N/A,N/A,N/A,N/A
Grubbin,Grubbin,Scarlet,Kitakami: Mass Outbreaks,SV Outbreak,N/A,N/A,N/A,N/A
Charjabug,Charjabug,Scarlet,Kitakami: Mass Outbreaks,SV Outbreak,N/A,N/A,N/A,N/A
Vikavolt,Charjabug,Scarlet,Kitakami: Mass Outbreaks,SV Outbreak,N/A,N/A,N/A,N/A
Crabrawler,Crabrawler,Scarlet,Paldea: Mass Outbreaks,SV Outbreak,N/A,N/A,N/A,N/A
Crabominable,Crabominable,Scarlet,Paldea: Mass Outbreaks,SV Outbreak,N/A,N/A,N/A,N/A
Oricorio,Oricorio,Scarlet,Paldea: Mass Outbreaks,SV Outbreak,N/A,N/A,N/A,N/A
Cutiefly,Cutiefly,Scarlet,Kitakami: Mass Outbreaks,SV Outbreak,N/A,N/A,N/A,N/A
Ribombee,Ribombee,Scarlet,Kitakami: Mass Outbreaks,SV Outbreak,N/A,N/A,N/A,N/A
Rockruff,Rockruff,Scarlet,Paldea: Mass Outbreaks,SV Outbreak,N/A,N/A,N/A,N/A
Lycanroc,Lycanroc,Scarlet,Paldea: Mass Outbreaks,SV Outbreak,N/A,N/A,N/A,N/A
Wishiwashi,Wishiwashi,Ultra Sun,Route 7,Fish,All Day,N/A,N/A,Initial
Mareanie,Mareanie,Scarlet,Mass Outbreaks,SV Outbreak,N/A,N/A,N/A,N/A
Toxapex,Toxapex,Scarlet,Mass Outbreaks,SV Outbreak,N/A,N/A,N/A,N/A
Mudbray,Mudbray,Scarlet,Paldea: Mass Outbreaks,SV Outbreak,N/A,N/A,N/A,N/A
Mudsdale,Mudsdale,Scarlet,Paldea: Mass Outbreaks,SV Outbreak,N/A,N/A,N/A,N/A
Dewpider,Dewpider,Scarlet,Terarium: Mass Outbreaks,SV Outbreak,N/A,N/A,N/A,N/A
Araquanid,Araquanid,Scarlet,Terarium: Mass Outbreaks,SV Outbreak,N/A,N/A,N/A,N/A
Fomantis,Fomantis,Scarlet,Paldea: Mass Outbreaks,SV Outbreak,N/A,N/A,N/A,N/A
Lurantis,Lurantis,Scarlet,Paldea: Mass Outbreaks,SV Outbreak,N/A,N/A,N/A,N/A
Morelull,Morelull,Ultra Sun,Brooklet Hill,Walking / Grass,Night,N/A,N/A,Initial
Shiinotic,Morelull,Ultra Sun,Brooklet Hill,Walking / Grass,Night,N/A,N/A,Initial
Salandit,Salandit,Scarlet,Paldea: Mass Outbreaks,SV Outbreak,N/A,N/A,N/A,N/A
Salazzle,Salazzle,Scarlet,Paldea: Mass Outbreaks,SV Outbreak,N/A,N/A,N/A,N/A
Stufful,Stufful,Ultra Sun,Route 8,Walking / Grass,Day,N/A,N/A,Initial
Bewear,Bewear,Ultra Sun,Hau'oli City - Shopping District,Interact,All Day,N/A,N/A,
Bounsweet,Bounsweet,Scarlet,Paldea: Mass Outbreaks,SV Outbreak,N/A,N/A,N/A,N/A
Steenee,Steenee,Scarlet,Paldea: Mass Outbreaks,SV Outbreak,N/A,N/A,N/A,N/A
Tsareena,Steenee,Scarlet,Paldea: Mass Outbreaks,SV Outbreak,N/A,N/A,N/A,N/A
Comfey,Comfey,Scarlet,Terarium: Mass Outbreaks,SV Outbreak,N/A,N/A,N/A,N/A
Oranguru,Oranguru,Scarlet,Paldea: Mass Outbreaks,SV Outbreak,N/A,N/A,N/A,N/A
Passimian,Passimian,Scarlet,Paldea: Mass Outbreaks,SV Outbreak,N/A,N/A,N/A,N/A
Wimpod,Wimpod,Ultra Sun,Route 8,Wimpod,All Day,N/A,N/A,N/A
Golisopod,Wimpod,Ultra Sun,Route 8,Wimpod,All Day,N/A,N/A,N/A
Sandygast,Sandygast,Scarlet,Paldea: Mass Outbreaks,SV Outbreak,N/A,N/A,N/A,N/A
Palossand,Palossand,Scarlet,Paldea: Mass Outbreaks,SV Outbreak,N/A,N/A,N/A,N/A
Pyukumuku,Pyukumuku,Ultra Sun,Route 7,Surf,All Day,N/A,N/A,Initial
Type: Null,Type: Null,Sun,Aether Paradise,Interact,N/A,N/A,N/A,N/A
Silvally,Type: Null,Sun,Aether Paradise,Interact,N/A,N/A,N/A,N/A
Minior,Minior,Scarlet,Terarium: Mass Outbreaks,SV Outbreak,N/A,N/A,N/A,N/A
Komala,Komala,Scarlet,Paldea: Mass Outbreaks,SV Outbreak,N/A,N/A,N/A,N/A
Turtonator,Turtonator,Any,Day Care Center,Masuda Method,N/A,N/A,N/A,N/A
Togedemaru,Togedemaru,Ultra Sun,Blush Mountain,Walking / Grass,Day,N/A,N/A,Initial
Mimikyu,Mimikyu,Scarlet,Paldea: Mass Outbreaks,SV Outbreak,N/A,N/A,N/A,N/A
Bruxish,Bruxish,Scarlet,Paldea: Mass Outbreaks,SV Outbreak,N/A,N/A,N/A,N/A
Drampa,Drampa,Any,Day Care Center,Masuda Method,N/A,N/A,N/A,N/A
Dhelmise,Dhelmise,Any,Day Care Center,Masuda Method,N/A,N/A,N/A,N/A
Jangmo-o,Jangmo-o,Scarlet,Mass Outbreaks,SV Outbreak,N/A,N/A,N/A,N/A
Hakamo-o,Hakamo-o,Scarlet,Mass Outbreaks,SV Outbreak,N/A,N/A,N/A,N/A
Kommo-o,Hakamo-o,Scarlet,Mass Outbreaks,SV Outbreak,N/A,N/A,N/A,N/A
Tapu Koko,Tapu Koko,Pokémon Sword,Dynamax Adventures,Max Raid Battle,N/A,N/A,N/A,N/A
Tapu Lele,Tapu Lele,Pokémon Sword,Dynamax Adventures,Max Raid Battle,N/A,N/A,N/A,N/A
Tapu Bulu,Tapu Bulu,Pokémon Sword,Dynamax Adventures,Max Raid Battle,N/A,N/A,N/A,N/A
Tapu Fini,Tapu Fini,Pokémon Sword,Dynamax Adventures,Max Raid Battle,N/A,N/A,N/A,N/A
Cosmog,Cosmog,None,None,None,N/A,N/A,N/A,N/A
Cosmoem,Cosmoem,None,None,None,N/A,N/A,N/A,N/A
Solgaleo,Solgaleo,Pokémon Sword,Dynamax Adventures,Max Raid Battle,N/A,N/A,N/A,N/A
Lunala,Lunala,Pokémon Sword,Dynamax Adventures,Max Raid Battle,N/A,N/A,N/A,N/A
Nihilego,Nihilego,Ultra Sun,Ultra Deep Sea,Interact,All Day,N/A,N/A,N/A
Buzzwole,Buzzwole,Ultra Sun,Ultra Jungle,Interact,All Day,N/A,N/A,N/A
Pheromosa,Pheromosa,Ultra Moon,Ultra Desert,Interact,All Day,N/A,N/A,N/A
Xurkitree,Xurkitree,Ultra Sun,Ultra Plant,Interact,All Day,N/A,N/A,N/A
Celesteela,Celesteela,Ultra Moon,Ultra Crater,Interact,All Day,N/A,N/A,N/A
Kartana,Kartana,Ultra Sun,Ultra Forest,Interact,All Day,N/A,N/A,N/A
Guzzlord,Guzzlord,Ultra Sun,Ultra Ruin,Interact,All Day,N/A,N/A,N/A
Necrozma,Necrozma,Pokémon Sword,Dynamax Adventures,Max Raid Battle,N/A,N/A,N/A,N/A
Magearna,Magearna,None,None,None,N/A,N/A,N/A,N/A
Marshadow,Marshadow,None,None,None,N/A,N/A,N/A,N/A
Poipole,Poipole,Ultra Sun,Ultra Megalopolis,Interact,All Day,N/A,N/A,N/A
Naganadel,Naganadel,Pokémon Sword,Dynamax Adventures,Max Raid Battle,N/A,N/A,N/A,N/A
Stakataka,Stakataka,Ultra Moon,Poni Grove - Bottom,Roaming in Grass,All Day,N/A,N/A,N/A
Blacephalon,Blacephalon,Ultra Sun,Poni Grove - Bottom,Roaming in Grass,All Day,N/A,N/A,N/A
Zeraora,Zeraora,None,None,None,N/A,N/A,N/A,N/A
Meltan,Meltan,Pokémon GO,Event Only,Mystery Box,All Day,N/A,N/A,
Melmetal,Melmetal,None,None,None,N/A,N/A,N/A,N/A
Grookey,Grookey,Scarlet,Terarium: Mass Outbreaks,SV Outbreak,N/A,N/A,N/A,N/A
Thwackey,Grookey,Scarlet,Terarium: Mass Outbreaks,SV Outbreak,N/A,N/A,N/A,N/A
Rillaboom,Grookey,Scarlet,Terarium: Mass Outbreaks,SV Outbreak,N/A,N/A,N/A,N/A
Scorbunny,Scorbunny,Scarlet,Terarium: Mass Outbreaks,SV Outbreak,N/A,N/A,N/A,N/A
Raboot,Scorbunny,Scarlet,Terarium: Mass Outbreaks,SV Outbreak,N/A,N/A,N/A,N/A
Cinderace,Scorbunny,Scarlet,Terarium: Mass Outbreaks,SV Outbreak,N/A,N/A,N/A,N/A
Sobble,Sobble,Scarlet,Terarium: Mass Outbreaks,SV Outbreak,N/A,N/A,N/A,N/A
Drizzile,Sobble,Scarlet,Terarium: Mass Outbreaks,SV Outbreak,N/A,N/A,N/A,N/A
Inteleon,Sobble,Scarlet,Terarium: Mass Outbreaks,SV Outbreak,N/A,N/A,N/A,N/A
Skwovet,Skwovet,Scarlet,Paldea: Mass Outbreaks,SV Outbreak,N/A,N/A,N/A,N/A
Greedent,Greedent,Scarlet,Paldea: Mass Outbreaks,SV Outbreak,N/A,N/A,N/A,N/A
Rookidee,Rookidee,Scarlet,Paldea: Mass Outbreaks,SV Outbreak,N/A,N/A,N/A,N/A
Corvisquire,Corvisquire,Scarlet,Paldea: Mass Outbreaks,SV Outbreak,N/A,N/A,N/A,N/A
Corviknight,Corvisquire,Scarlet,Paldea: Mass Outbreaks,SV Outbreak,N/A,N/A,N/A,N/A
Blipbug,Blipbug,Any,Day Care Center,Masuda Method,N/A,N/A,N/A,N/A
Dottler,Dottler,Any,Day Care Center,Masuda Method,N/A,N/A,N/A,N/A
Orbeetle,Orbeetle,Any,Day Care Center,Masuda Method,N/A,N/A,N/A,N/A
Nickit,Nickit,Any,Day Care Center,Masuda Method,N/A,N/A,N/A,N/A
Thievul,Thievul,Any,Day Care Center,Masuda Method,N/A,N/A,N/A,N/A
Gossifleur,Gossifleur,Any,Day Care Center,Masuda Method,N/A,N/A,N/A,N/A
Eldegoss,Eldegoss,Any,Day Care Center,Masuda Method,N/A,N/A,N/A,N/A
Wooloo,Wooloo,Any,Day Care Center,Masuda Method,N/A,N/A,N/A,N/A
Dubwool,Dubwool,Any,Day Care Center,Masuda Method,N/A,N/A,N/A,N/A
Chewtle,Chewtle,Scarlet,Paldea: Mass Outbreaks,SV Outbreak,N/A,N/A,N/A,N/A
Drednaw,Drednaw,Scarlet,Paldea: Mass Outbreaks,SV Outbreak,N/A,N/A,N/A,N/A
Yamper,Yamper,Any,Day Care Center,Masuda Method,N/A,N/A,N/A,N/A
Boltund,Boltund,Any,Day Care Center,Masuda Method,N/A,N/A,N/A,N/A
Rolycoly,Rolycoly,Scarlet,Paldea: Mass Outbreaks,SV Outbreak,N/A,N/A,N/A,N/A
Carkol,Carkol,Scarlet,Paldea: Mass Outbreaks,SV Outbreak,N/A,N/A,N/A,N/A
Coalossal,Carkol,Scarlet,Paldea: Mass Outbreaks,SV Outbreak,N/A,N/A,N/A,N/A
Applin,Applin,Scarlet,Paldea: Mass Outbreaks,SV Outbreak,N/A,N/A,N/A,N/A
Flapple,Flapple,Scarlet,Paldea: Mass Outbreaks,SV Outbreak,N/A,N/A,N/A,N/A
Appletun,Appletun,Scarlet,Paldea: Mass Outbreaks,SV Outbreak,N/A,N/A,N/A,N/A
Silicobra,Silicobra,Scarlet,Paldea: Mass Outbreaks,SV Outbreak,N/A,N/A,N/A,N/A
Sandaconda,Sandaconda,Scarlet,Paldea: Mass Outbreaks,SV Outbreak,N/A,N/A,N/A,N/A
Cramorant,Cramorant,Scarlet,Kitakami: Mass Outbreaks,SV Outbreak,N/A,N/A,N/A,N/A
Arrokuda,Arrokuda,Scarlet,Paldea: Mass Outbreaks,SV Outbreak,N/A,N/A,N/A,N/A
Barraskewda,Barraskewda,Scarlet,Paldea: Mass Outbreaks,SV Outbreak,N/A,N/A,N/A,N/A
Toxel,Toxel,Scarlet,Paldea: Mass Outbreaks,SV Outbreak,N/A,N/A,N/A,N/A
Toxtricity,Toxtricity,Scarlet,Paldea: Mass Outbreaks,SV Outbreak,N/A,N/A,N/A,N/A
Sizzlipede,Sizzlipede,Any,Day Care Center,Masuda Method,N/A,N/A,N/A,N/A
Centiskorch,Centiskorch,Any,Day Care Center,Masuda Method,N/A,N/A,N/A,N/A
Clobbopus,Clobbopus,Any,Day Care Center,Masuda Method,N/A,N/A,N/A,N/A
Grapploct,Grapploct,Any,Day Care Center,Masuda Method,N/A,N/A,N/A,N/A
Sinistea,Sinistea,Scarlet,Paldea: Mass Outbreaks,SV Outbreak,N/A,N/A,N/A,N/A
Polteageist,Sinistea,Scarlet,Mass Outbreaks,SV Outbreak,N/A,N/A,N/A,N/A
Hatenna,Hatenna,Scarlet,Paldea: Mass Outbreaks,SV Outbreak,N/A,N/A,N/A,N/A
Hattrem,Hattrem,Scarlet,Paldea: Mass Outbreaks,SV Outbreak,N/A,N/A,N/A,N/A
Hatterene,Hatterene,Scarlet,Paldea: Mass Outbreaks,SV Outbreak,N/A,N/A,N/A,N/A
Impidimp,Impidimp,Scarlet,Paldea: Mass Outbreaks,SV Outbreak,N/A,N/A,N/A,N/A
Morgrem,Morgrem,Scarlet,Paldea: Mass Outbreaks,SV Outbreak,N/A,N/A,N/A,N/A
Grimmsnarl,Grimmsnarl,Scarlet,Paldea: Mass Outbreaks,SV Outbreak,N/A,N/A,N/A,N/A
Obstagoon,Obstagoon,Any,Day Care Center,Masuda Method,N/A,N/A,N/A,N/A
Perrserker,Perrserker,Any,Day Care Center,Masuda Method,N/A,N/A,N/A,N/A
Cursola,Cursola,Any,Day Care Center,Masuda Method,N/A,N/A,N/A,N/A
Sirfetch'd,Sirfetch'd,Any,Day Care Center,Masuda Method,N/A,N/A,N/A,N/A
Mr. Rime,Mime Jr.,Legends: Arceus,Obsidian Fieldlands: Massive Mass Outbreak,Obsidian Fieldlands: Massive Mass Outbreak,N/A,N/A,N/A,N/A
Runerigus,Runerigus,Any,Day Care Center,Masuda Method,N/A,N/A,N/A,N/A
Milcery,Milcery,Scarlet,Paldea: Mass Outbreaks,SV Outbreak,N/A,N/A,N/A,N/A
Alcremie,Milcery,Scarlet,Paldea: Mass Outbreaks,SV Outbreak,N/A,N/A,N/A,N/A
Falinks,Falinks,Scarlet,Paldea: Mass Outbreaks,SV Outbreak,N/A,N/A,N/A,N/A
Pincurchin,Pincurchin,Scarlet,Paldea: Mass Outbreaks,SV Outbreak,N/A,N/A,N/A,N/A
Snom,Snom,Scarlet,Paldea: Mass Outbreaks,SV Outbreak,N/A,N/A,N/A,N/A
Frosmoth,Frosmoth,Scarlet,Paldea: Mass Outbreaks,SV Outbreak,N/A,N/A,N/A,N/A
Stonjourner,Stonjourner,Scarlet,Paldea: Mass Outbreaks,SV Outbreak,N/A,N/A,N/A,N/A
Eiscue,Eiscue,Scarlet,Paldea: Mass Outbreaks,SV Outbreak,N/A,N/A,N/A,N/A
Indeedee,Indeedee,Scarlet,Paldea: Mass Outbreaks,SV Outbreak,N/A,N/A,N/A,N/A
Morpeko,Morpeko,Scarlet,Kitakami: Mass Outbreaks,SV Outbreak,N/A,N/A,N/A,N/A
Cufant,Cufant,Scarlet,Paldea: Mass Outbreaks,SV Outbreak,N/A,N/A,N/A,N/A
Copperajah,Copperajah,Scarlet,Paldea: Mass Outbreaks,SV Outbreak,N/A,N/A,N/A,N/A
Dracozolt,Dracozolt,Pokémon Sword,Route 6,Combine Fossils,N/A,N/A,N/A,N/A
Arctozolt,Arctozolt,Pokémon Sword,Route 6,Combine Fossils,N/A,N/A,N/A,N/A
Dracovish,Dracovish,Pokémon Sword,Route 6,Combine Fossils,N/A,N/A,N/A,N/A
Arctovish,Arctovish,Pokémon Sword,Route 6,Combine Fossils,N/A,N/A,N/A,N/A
Duraludon,Duraludon,Scarlet,Terarium: Mass Outbreaks,SV Outbreak,N/A,N/A,N/A,N/A
Dreepy,Dreepy,Scarlet,Paldea: Mass Outbreaks,SV Outbreak,N/A,N/A,N/A,N/A
Drakloak,Drakloak,Scarlet,Paldea: Mass Outbreaks,SV Outbreak,N/A,N/A,N/A,N/A
Dragapult,Drakloak,Scarlet,Paldea: Mass Outbreaks,SV Outbreak,N/A,N/A,N/A,N/A
Zacian,Zacian,None,None,None,N/A,N/A,N/A,N/A
Zamazenta,Zamazenta,None,None,None,N/A,N/A,N/A,N/A
Eternatus,Eternatus,None,None,None,N/A,N/A,N/A,N/A
Kubfu,Kubfu,None,None,None,N/A,N/A,N/A,N/A
Urshifu,Urshifu,None,None,None,N/A,N/A,N/A,N/A
Zarude,Zarude,None,None,None,N/A,N/A,N/A,N/A
Regieleki,Regieleki,Pokémon Sword,Split-Decision Ruins,Interact,N/A,All Weather,N/A,N/A
Regidrago,Regidrago,Pokémon Sword,Split-Decision Ruins,Interact,N/A,All Weather,N/A,N/A
Glastrier,Glastrier,None,None,None,N/A,N/A,N/A,N/A
Spectrier,Spectrier,None,None,None,N/A,N/A,N/A,N/A
Calyrex,Calyrex,None,None,None,N/A,N/A,N/A,N/A
Wyrdeer,Stantler,Scarlet,Mass Outbreaks,SV Outbreak,N/A,N/A,N/A,N/A
Kleavor,Kleavor,Scarlet,Terarium: Mass Outbreaks,SV Outbreak,N/A,N/A,N/A,N/A
Ursaluna,Ursaring,Scarlet,Mass Outbreaks,SV Outbreak,N/A,N/A,N/A,N/A
Basculegion,Basculegion,Legends: Arceus,Cobalt Coastlands: Massive Mass Outbreak,Cobalt Coastlands: Massive Mass Outbreak,N/A,N/A,N/A,N/A
Sneasler,Sneasler,Legends: Arceus,Coronet Highlands: Massive Mass Outbreak,Coronet Highlands: Massive Mass Outbreak,N/A,N/A,N/A,N/A
Overqwil,Overqwil,Legends: Arceus,Cobalt Coastlands: Massive Mass Outbreak,Cobalt Coastlands: Massive Mass Outbreak,N/A,N/A,N/A,N/A
Enamorus,Enamorus,Any,Day Care Center,Masuda Method,N/A,N/A,N/A,N/A
Sprigatito,Sprigatito,Scarlet,Starter Pokémon in Cabo Poco,N/A,N/A,N/A,N/A,N/A
Floragato,Floragato,Scarlet,Evolve Sprigatito,N/A,N/A,N/A,N/A,N/A
Meowscarada,Meowscarada,Scarlet,Evolve Floragato,N/A,N/A,N/A,N/A,N/A
Fuecoco,Fuecoco,Scarlet,Starter Pokémon in Cabo Poco,N/A,N/A,N/A,N/A,N/A
Crocalor,Crocalor,Scarlet,Evolve Fuecoco,N/A,N/A,N/A,N/A,N/A
Skeledirge,Skeledirge,Scarlet,Evolve Crocalor,N/A,N/A,N/A,N/A,N/A
Quaxly,Quaxly,Scarlet,Starter Pokémon in Cabo Poco,N/A,N/A,N/A,N/A,N/A
Quaxwell,Quaxwell,Scarlet,Evolve Quaxly,N/A,N/A,N/A,N/A,N/A
Quaquaval,Quaquaval,Scarlet,Evolve Quaxwell,N/A,N/A,N/A,N/A,N/A
Lechonk,Lechonk,Scarlet,Paldea: Mass Outbreaks,SV Outbreak,N/A,N/A,N/A,N/A
Oinkologne,Oinkologne,Scarlet,Paldea: Mass Outbreaks,SV Outbreak,N/A,N/A,N/A,N/A
Tarountula,Tarountula,Scarlet,Paldea: Mass Outbreaks,SV Outbreak,N/A,N/A,N/A,N/A
Spidops,Spidops,Scarlet,Paldea: Mass Outbreaks,SV Outbreak,N/A,N/A,N/A,N/A
Nymble,Nymble,Scarlet,Paldea: Mass Outbreaks,SV Outbreak,N/A,N/A,N/A,N/A
Lokix,Lokix,Scarlet,Paldea: Mass Outbreaks,SV Outbreak,N/A,N/A,N/A,N/A
Pawmi,Pawmi,Scarlet,Paldea: Mass Outbreaks,SV Outbreak,N/A,N/A,N/A,N/A
Pawmo,Pawmo,Scarlet,Paldea: Mass Outbreaks,SV Outbreak,N/A,N/A,N/A,N/A
Pawmot,Pawmo,Scarlet,Paldea: Mass Outbreaks,SV Outbreak,N/A,N/A,N/A,N/A
Clodsire,Clodsire,Scarlet,Mass Outbreaks,SV Outbreak,N/A,N/A,N/A,N/A
Tandemaus,Tandemaus,Scarlet,Paldea: Mass Outbreaks,SV Outbreak,N/A,N/A,N/A,N/A
Maushold,Tandemaus,Scarlet,Paldea: Mass Outbreaks,SV Outbreak,N/A,N/A,N/A,N/A
Fidough,Fidough,Scarlet,Paldea: Mass Outbreaks,SV Outbreak,N/A,N/A,N/A,N/A
Dachsbun,Dachsbun,Scarlet,Paldea: Mass Outbreaks,SV Outbreak,N/A,N/A,N/A,N/A
Smoliv,Smoliv,Scarlet,Paldea: Mass Outbreaks,SV Outbreak,N/A,N/A,N/A,N/A
Dolliv,Dolliv,Scarlet,Paldea: Mass Outbreaks,SV Outbreak,N/A,N/A,N/A,N/A
Arboliva,Dolliv,Scarlet,Paldea: Mass Outbreaks,SV Outbreak,N/A,N/A,N/A,N/A
Squawkabilly,Squawkabilly,Scarlet,Paldea: Mass Outbreaks,SV Outbreak,N/A,N/A,N/A,N/A
Nacli,Nacli,Scarlet,Paldea: Mass Outbreaks,SV Outbreak,N/A,N/A,N/A,N/A
Naclstack,Naclstack,Scarlet,Paldea: Mass Outbreaks,SV Outbreak,N/A,N/A,N/A,N/A
Garganacl,Naclstack,Scarlet,Paldea: Mass Outbreaks,SV Outbreak,N/A,N/A,N/A,N/A
Annihilape,Annihilape,Scarlet,Mass Outbreaks,SV Outbreak,N/A,N/A,N/A,N/A
Charcadet,Charcadet,Scarlet,Paldea: Mass Outbreaks,SV Outbreak,N/A,N/A,N/A,N/A
Armarouge,Charcadet,Scarlet,Paldea: Mass Outbreaks,SV Outbreak,N/A,N/A,N/A,N/A
Ceruledge,Charcadet,Scarlet,Paldea: Mass Outbreaks,SV Outbreak,N/A,N/A,N/A,N/A
Tadbulb,Tadbulb,Scarlet,Paldea: Mass Outbreaks,SV Outbreak,N/A,N/A,N/A,N/A
Bellibolt,Bellibolt,Scarlet,Paldea: Mass Outbreaks,SV Outbreak,N/A,N/A,N/A,N/A
Wattrel,Wattrel,Scarlet,Paldea: Mass Outbreaks,SV Outbreak,N/A,N/A,N/A,N/A
Kilowattrel,Kilowattrel,Scarlet,Paldea: Mass Outbreaks,SV Outbreak,N/A,N/A,N/A,N/A
Dudunsparce,Dudunsparce,Scarlet,Mass Outbreaks,SV Outbreak,N/A,N/A,N/A,N/A
Farigiraf,Farigiraf,Scarlet,Mass Outbreaks,SV Outbreak,N/A,N/A,N/A,N/A
Maschiff,Maschiff,Scarlet,Paldea: Mass Outbreaks,SV Outbreak,N/A,N/A,N/A,N/A
Mabosstiff,Mabosstiff,Scarlet,Paldea: Mass Outbreaks,SV Outbreak,N/A,N/A,N/A,N/A
Shroodle,Shroodle,Scarlet,Paldea: Mass Outbreaks,SV Outbreak,N/A,N/A,N/A,N/A
Grafaiai,Grafaiai,Scarlet,Paldea: Mass Outbreaks,SV Outbreak,N/A,N/A,N/A,N/A
Bramblin,Bramblin,Scarlet,Paldea: Mass Outbreaks,SV Outbreak,N/A,N/A,N/A,N/A
Brambleghast,Brambleghast,Scarlet,Paldea: Mass Outbreaks,SV Outbreak,N/A,N/A,N/A,N/A
Toedscool,Toedscool,Scarlet,Paldea: Mass Outbreaks,SV Outbreak,N/A,N/A,N/A,N/A
Toedscruel,Toedscruel,Scarlet,Paldea: Mass Outbreaks,SV Outbreak,N/A,N/A,N/A,N/A
Klawf,Klawf,Scarlet,Paldea: Mass Outbreaks,SV Outbreak,N/A,N/A,N/A,N/A
Capsakid,Capsakid,Scarlet,Paldea: Mass Outbreaks,SV Outbreak,N/A,N/A,N/A,N/A
Scovillain,Scovillain,Scarlet,Paldea: Mass Outbreaks,SV Outbreak,N/A,N/A,N/A,N/A
Rellor,Rellor,Scarlet,Paldea: Mass Outbreaks,SV Outbreak,N/A,N/A,N/A,N/A
Rabsca,Rabsca,Scarlet,Paldea: Mass Outbreaks,SV Outbreak,N/A,N/A,N/A,N/A
Flittle,Flittle,Scarlet,Paldea: Mass Outbreaks,SV Outbreak,N/A,N/A,N/A,N/A
Espathra,Espathra,Scarlet,Paldea: Mass Outbreaks,SV Outbreak,N/A,N/A,N/A,N/A
Tinkatink,Tinkatink,Scarlet,Paldea: Mass Outbreaks,SV Outbreak,N/A,N/A,N/A,N/A
Tinkatuff,Tinkatuff,Scarlet,Paldea: Mass Outbreaks,SV Outbreak,N/A,N/A,N/A,N/A
Tinkaton,Tinkatuff,Scarlet,Paldea: Mass Outbreaks,SV Outbreak,N/A,N/A,N/A,N/A
Wiglett,Wiglett,Scarlet,Paldea: Mass Outbreaks,SV Outbreak,N/A,N/A,N/A,N/A
Wugtrio,Wugtrio,Scarlet,Paldea: Mass Outbreaks,SV Outbreak,N/A,N/A,N/A,N/A
Bombirdier,Bombirdier,Scarlet,Paldea: Mass Outbreaks,SV Outbreak,N/A,N/A,N/A,N/A
Finizen,Finizen,Scarlet,Paldea: Mass Outbreaks,SV Outbreak,N/A,N/A,N/A,N/A
Palafin,Finizen,Scarlet,Paldea: Mass Outbreaks,SV Outbreak,N/A,N/A,N/A,N/A
Varoom,Varoom,Scarlet,Paldea: Mass Outbreaks,SV Outbreak,N/A,N/A,N/A,N/A
Revavroom,Revavroom,Scarlet,Paldea: Mass Outbreaks,SV Outbreak,N/A,N/A,N/A,N/A
Cyclizar,Cyclizar,Scarlet,Paldea: Mass Outbreaks,SV Outbreak,N/A,N/A,N/A,N/A
Orthworm,Orthworm,Scarlet,Paldea: Mass Outbreaks,SV Outbreak,N/A,N/A,N/A,N/A
Glimmet,Glimmet,Scarlet,Paldea: Mass Outbreaks,SV Outbreak,N/A,N/A,N/A,N/A
Glimmora,Glimmet,Scarlet,Paldea: Mass Outbreaks,SV Outbreak,N/A,N/A,N/A,N/A
Greavard,Greavard,Scarlet,Paldea: Mass Outbreaks,SV Outbreak,N/A,N/A,N/A,N/A
Houndstone,Houndstone,Scarlet,Paldea: Mass Outbreaks,SV Outbreak,N/A,N/A,N/A,N/A
Flamigo,Flamigo,Scarlet,Paldea: Mass Outbreaks,SV Outbreak,N/A,N/A,N/A,N/A
Cetoddle,Cetoddle,Scarlet,Paldea: Mass Outbreaks,SV Outbreak,N/A,N/A,N/A,N/A
Cetitan,Cetitan,Scarlet,Paldea: Mass Outbreaks,SV Outbreak,N/A,N/A,N/A,N/A
Kingambit,Kingambit,Scarlet,Paldea: Mass Outbreaks,SV Outbreak,N/A,N/A,N/A,N/A
Veluza,Veluza,Scarlet,Paldea: Mass Outbreaks,SV Outbreak,N/A,N/A,N/A,N/A
Dondozo,Dondozo,Scarlet,Paldea: Mass Outbreaks,SV Outbreak,N/A,N/A,N/A,N/A
Tatsugiri,Tatsugiri,Scarlet,Paldea: Mass Outbreaks,SV Outbreak,N/A,N/A,N/A,N/A
Great Tusk,Great Tusk,Scarlet,Area Zero,Underground,N/A,N/A,N/A,N/A
Scream Tail,Scream Tail,Scarlet,Area Zero,Cave; Underground,N/A,N/A,N/A,N/A
Brute Bonnet,Brute Bonnet,Scarlet,Area Zero,Grass; Underground,N/A,N/A,N/A,N/A
Flutter Mane,Flutter Mane,Scarlet,Area Zero,N/A,N/A,N/A,N/A,N/A
Slither Wing,Slither Wing,Scarlet,Area Zero,Grass,N/A,N/A,N/A,N/A
Sandy Shocks,Sandy Shocks,Scarlet,Area Zero,Rock,N/A,N/A,N/A,N/A
Iron Treads,Iron Treads,Scarlet,Trade from Violet,Underground,N/A,N/A,N/A,N/A
Iron Bundle,Iron Bundle,Scarlet,Trade from Violet,Underground,N/A,N/A,N/A,N/A
Iron Hands,Iron Hands,Scarlet,Trade from Violet,Grass; Underground,N/A,N/A,N/A,N/A
Iron Jugulis,Iron Jugulis,Scarlet,Trade from Violet,Cave; Underground,N/A,N/A,N/A,N/A
Iron Moth,Iron Moth,Scarlet,Trade from Violet,Grass,N/A,N/A,N/A,N/A
Iron Thorns,Iron Thorns,Scarlet,Trade from Violet,Rock,N/A,N/A,N/A,N/A
Frigibax,Frigibax,Scarlet,Paldea: Mass Outbreaks,SV Outbreak,N/A,N/A,N/A,N/A
Arctibax,Arctibax,Scarlet,Paldea: Mass Outbreaks,SV Outbreak,N/A,N/A,N/A,N/A
Baxcalibur,Arctibax,Scarlet,Paldea: Mass Outbreaks,SV Outbreak,N/A,N/A,N/A,N/A
Gimmighoul,Gimmighoul,None,None,None,N/A,N/A,N/A,N/A
Gholdengo,Gholdengo,None,None,None,N/A,N/A,N/A,N/A
Wo-Chien,Wo-Chien,None,None,None,N/A,N/A,N/A,N/A
Chien-Pao,Chien-Pao,None,None,None,N/A,N/A,N/A,N/A
Ting-Lu,Ting-Lu,None,None,None,N/A,N/A,N/A,N/A
Chi-Yu,Chi-Yu,None,None,None,N/A,N/A,N/A,N/A
Roaring Moon,Roaring Moon,Scarlet,Area Zero,Cave; Underground,N/A,N/A,N/A,N/A
Iron Valiant,Iron Valiant,Scarlet,Trade from Violet,Cave; Underground,N/A,N/A,N/A,N/A
Koraidon,Koraidon,None,None,None,N/A,N/A,N/A,N/A
Miraidon,Miraidon,None,None,None,N/A,N/A,N/A,N/A
Walking Wake,Walking Wake,None,None,None,N/A,N/A,N/A,N/A
Iron Leaves,Iron Leaves,None,None,None,N/A,N/A,N/A,N/A
Dipplin,Applin,Scarlet,Kitakami: Mass Outbreaks,SV Outbreak,N/A,N/A,N/A,N/A
Poltchageist,Poltchageist,Scarlet,Kitakami: Mass Outbreaks,SV Outbreak,N/A,N/A,N/A,N/A
Sinistcha,Poltchageist,Scarlet,Kitakami: Mass Outbreaks,SV Outbreak,N/A,N/A,N/A,N/A
Okidogi,Okidogi,None,None,None,N/A,N/A,N/A,N/A
Munkidori,Munkidori,None,None,None,N/A,N/A,N/A,N/A
Fezandipiti,Fezandipiti,None,None,None,N/A,N/A,N/A,N/A
Ogerpon,Ogerpon,None,None,None,N/A,N/A,N/A,N/A
Archaludon,Duraludon,Scarlet,Terarium: Mass Outbreaks,SV Outbreak,N/A,N/A,N/A,N/A
Hydrapple,Applin,Scarlet,Mass Outbreaks,SV Outbreak,N/A,N/A,N/A,N/A
Gouging Fire,Gouging Fire,None,None,None,N/A,N/A,N/A,N/A
Raging Bolt,Raging Bolt,None,None,None,N/A,N/A,N/A,N/A
Iron Boulder,Iron Boulder,None,None,None,N/A,N/A,N/A,N/A
Iron Crown,Iron Crown,None,None,None,N/A,N/A,N/A,N/A
Terapagos,Terapagos,None,None,None,N/A,N/A,N/A,N/A
Pecharunt,Pecharunt,None,None,None,N/A,N/A,N/A,N/A
Rattata-Alola,Rattata-Alola,Ultra Sun,Route 1,Walking / Grass,Night,N/A,N/A,Initial
Raticate-Alola,Rattata-Alola,Ultra Sun,Route 1,Walking / Grass,Night,N/A,N/A,Initial
Raichu-Alola,Pikachu,Scarlet,Mass Outbreaks,SV Outbreak,N/A,N/A,N/A,N/A
Sandshrew-Alola,Sandshrew-Alola,Ultra Moon,Mount Lanakila,Walking / Grass,Day,N/A,N/A,Initial
Sandslash-Alola,Sandshrew-Alola,Ultra Moon,Mount Lanakila,Walking / Grass,Day,N/A,N/A,Initial
Vulpix-Alola,Vulpix-Alola,Ultra Sun,Mount Lanakila,Walking / Grass,Day,N/A,N/A,Initial
Ninetales-Alola,Vulpix-Alola,Ultra Sun,Mount Lanakila,Walking / Grass,Day,N/A,N/A,Initial
Diglett-Alola,Diglett-Alola,Scarlet,Mass Outbreaks,SV Outbreak,N/A,N/A,N/A,N/A
Dugtrio-Alola,Dugtrio-Alola,Scarlet,Mass Outbreaks,SV Outbreak,N/A,N/A,N/A,N/A
Meowth-Alola,Meowth-Alola,Ultra Sun,Route 1 - Trainer School,Walking / Grass,All Day,N/A,N/A,Initial
Persian-Alola,Meowth-Alola,Ultra Sun,Route 1 - Trainer School,Walking / Grass,All Day,N/A,N/A,Initial
Geodude-Alola,Geodude-Alola,Scarlet,Mass Outbreaks,SV Outbreak,N/A,N/A,N/A,N/A
Graveler-Alola,Graveler-Alola,Scarlet,Mass Outbreaks,SV Outbreak,N/A,N/A,N/A,N/A
Golem-Alola,Graveler-Alola,Scarlet,Mass Outbreaks,SV Outbreak,N/A,N/A,N/A,N/A
Grimer-Alola,Grimer-Alola,Ultra Sun,Route 1 - Trainer School,Walking / Grass,All Day,N/A,N/A,Initial
Muk-Alola,Grimer-Alola,Ultra Sun,Route 1 - Trainer School,Walking / Grass,All Day,N/A,N/A,Initial
Exeggutor-Alola,Exeggutor-Alola,Scarlet,Mass Outbreaks,SV Outbreak,N/A,N/A,N/A,N/A
Marowak-Alola,Cubone,Diamond,Route 203,Swarm- PokeRadar,N/A,N/A,N/A,N/A
Meowth-Galar,Meowth-Galar,Any,Picnics,Masuda Method,N/A,N/A,N/A,N/A
Ponyta-Galar,Ponyta-Galar,Any,Day Care Center,Masuda Method,N/A,N/A,N/A,N/A
Rapidash-Galar,Rapidash-Galar,Any,Day Care Center,Masuda Method,N/A,N/A,N/A,N/A
Farfetch'd-Galar,Farfetch'd-Galar,Any,Day Care Center,Masuda Method,N/A,N/A,N/A,N/A
Weezing-Galar,Koffing,Scarlet,Mass Outbreaks,SV Outbreak,N/A,N/A,N/A,N/A
Mr. Mime-Galar,Mime Jr.,Legends: Arceus,Obsidian Fieldlands: Massive Mass Outbreak,Obsidian Fieldlands: Massive Mass Outbreak,N/A,N/A,N/A,N/A
Corsola-Galar,Corsola-Galar,Any,Day Care Center,Masuda Method,N/A,N/A,N/A,N/A
Zigzagoon-Galar,Zigzagoon-Galar,Any,Day Care Center,Masuda Method,N/A,N/A,N/A,N/A
Linoone-Galar,Linoone-Galar,Any,Day Care Center,Masuda Method,N/A,N/A,N/A,N/A
Darumaka-Galar,Darumaka-Galar,Any,Day Care Center,Masuda Method,N/A,N/A,N/A,N/A
Darmanitan-Galar,Darmanitan-Galar,Any,Day Care Center,Masuda Method,N/A,N/A,N/A,N/A
Yamask-Galar,Yamask-Galar,Any,Day Care Center,Masuda Method,N/A,N/A,N/A,N/A
Stunfisk-Galar,Stunfisk-Galar,Any,Day Care Center,Masuda Method,N/A,N/A,N/A,N/A
Slowpoke-Galar,Slowpoke-Galar,Scarlet,Mass Outbreaks,SV Outbreak,N/A,N/A,N/A,N/A
Slowbro-Galar,Slowpoke-Galar,Scarlet,Mass Outbreaks,SV Outbreak,N/A,N/A,N/A,N/A
Slowking-Galar,Slowpoke-Galar,Scarlet,Mass Outbreaks,SV Outbreak,N/A,N/A,N/A,N/A
Articuno-Galar,Articuno-Galar,Pokémon GO,Daily Adventure Incense,Daily Adventure Incense,All Day,N/A,N/A,
Zapdos-Galar,Zapdos-Galar,Pokémon GO,Daily Adventure Incense,Daily Adventure Incense,All Day,N/A,N/A,
Moltres-Galar,Moltres-Galar,Pokémon GO,Daily Adventure Incense,Daily Adventure Incense,All Day,N/A,N/A,
Growlithe-Hisui,Growlithe-Hisui,Legends: Arceus,Cobalt Coastlands: Massive Mass Outbreak,Cobalt Coastlands: Massive Mass Outbreak,N/A,N/A,N/A,N/A
Arcanine-Hisui,Arcanine-Hisui,Legends: Arceus,Cobalt Coastlands: Massive Mass Outbreak,Cobalt Coastlands: Massive Mass Outbreak,N/A,N/A,N/A,N/A
Voltorb-Hisui,Voltorb-Hisui,Legends: Arceus,Coronet Highlands: Massive Mass Outbreak,Coronet Highlands: Massive Mass Outbreak,N/A,N/A,N/A,N/A
Electrode-Hisui,Electrode-Hisui,Legends: Arceus,Coronet Highlands: Massive Mass Outbreak,Coronet Highlands: Massive Mass Outbreak,N/A,N/A,N/A,N/A
Typhlosion-Hisui,Cyndaquil,Scarlet,Mass Outbreaks,SV Outbreak,N/A,N/A,N/A,N/A
Qwilfish-Hisui,Qwilfish-Hisui,Legends: Arceus,Cobalt Coastlands: Massive Mass Outbreak,Cobalt Coastlands: Massive Mass Outbreak,N/A,N/A,N/A,N/A
Sneasel-Hisui,Sneasel-Hisui,Legends: Arceus,Coronet Highlands: Massive Mass Outbreak,Coronet Highlands: Massive Mass Outbreak,N/A,N/A,N/A,N/A
Samurott-Hisui,Oshawott,Scarlet,Mass Outbreaks,SV Outbreak,N/A,N/A,N/A,N/A
Lilligant-Hisui,Petilil,Scarlet,Mass Outbreaks,SV Outbreak,N/A,N/A,N/A,N/A
Basculin-Hisui,Basculin-Hisui,Legends: Arceus,Cobalt Coastlands: Massive Mass Outbreak,Cobalt Coastlands: Massive Mass Outbreak,N/A,N/A,N/A,N/A
Zorua-Hisui,Zorua-Hisui,Legends: Arceus,Obsidian Fieldlands: Massive Mass Outbreak,Obsidian Fieldlands: Massive Mass Outbreak,N/A,N/A,N/A,N/A
Zoroark-Hisui,Zoroark-Hisui,Legends: Arceus,Obsidian Fieldlands: Massive Mass Outbreak,Obsidian Fieldlands: Massive Mass Outbreak,N/A,N/A,N/A,N/A
Braviary-Hisui,Rufflet,Scarlet,Mass Outbreaks,SV Outbreak,N/A,N/A,N/A,N/A
Sliggoo-Hisui,Goomy,Scarlet,Mass Outbreaks,SV Outbreak,N/A,N/A,N/A,N/A
Goodra-Hisui,Goomy,Scarlet,Mass Outbreaks,SV Outbreak,N/A,N/A,N/A,N/A
Avalugg-Hisui,Bergmite,Scarlet,Mass Outbreaks,SV Outbreak,N/A,N/A,N/A,N/A
Decidueye-Hisui,Rowlet,Scarlet,Mass Outbreaks,SV Outbreak,N/A,N/A,N/A,N/A
Wooper-Paldea,Wooper-Paldea,Scarlet,Alfornada Cavern,Lake; Swamp,N/A,N/A,N/A,N/A
Tauros-Paldea,Tauros-Paldea,Scarlet,Asado Desert,Grass,N/A,N/A,N/A,N/A
